 Image webrtc-game-stream-web Building 
 Image webrtc-game-stream-signaling Building 
 Image webrtc-game-stream-game Building 
#1 [internal] load local bake definitions
#1 reading from stdin 1.42kB done
#1 DONE 0.0s

#2 [web internal] load build definition from Dockerfile
#2 transferring dockerfile: 200B done
#2 DONE 0.1s

#3 [game internal] load build definition from Dockerfile
#3 transferring dockerfile: 704B done
#3 DONE 0.1s

#4 [web internal] load metadata for docker.io/library/nginx:alpine
#4 ...

#5 [signaling internal] load build definition from Dockerfile
#5 transferring dockerfile: 153B done
#5 DONE 0.1s

#6 [signaling internal] load metadata for docker.io/library/node:20-alpine
#6 ...

#7 [game internal] load metadata for docker.io/library/ubuntu:22.04
#7 DONE 0.4s

#8 [game internal] load .dockerignore
#8 transferring context: 2B done
#8 DONE 0.1s

#4 [web internal] load metadata for docker.io/library/nginx:alpine
#4 DONE 0.6s

#9 [game internal] load build context
#9 DONE 0.0s

#6 [signaling internal] load metadata for docker.io/library/node:20-alpine
#6 DONE 0.6s

#10 [web internal] load .dockerignore
#10 transferring context: 2B done
#10 DONE 0.0s

#11 [signaling internal] load .dockerignore
#11 transferring context: 2B done
#11 DONE 0.1s

#12 [game 1/7] FROM docker.io/library/ubuntu:22.04@sha256:3ba65aa20f86a0fad9df2b2c259c613df006b2e6d0bfcc8a146afb8c525a9751
#12 resolve docker.io/library/ubuntu:22.04@sha256:3ba65aa20f86a0fad9df2b2c259c613df006b2e6d0bfcc8a146afb8c525a9751 0.1s done
#12 CACHED

#13 [signaling internal] load build context
#13 DONE 0.0s

#14 [web internal] load build context
#14 transferring context: 90B done
#14 DONE 0.1s

#9 [game internal] load build context
#9 transferring context: 131B done
#9 DONE 0.1s

#15 [web 1/4] FROM docker.io/library/nginx:alpine@sha256:1d13701a5f9f3fb01aaa88cef2344d65b6b5bf6b7d9fa4cf0dca557a8d7702ba
#15 resolve docker.io/library/nginx:alpine@sha256:1d13701a5f9f3fb01aaa88cef2344d65b6b5bf6b7d9fa4cf0dca557a8d7702ba 0.2s done
#15 DONE 0.2s

#16 [web 3/4] COPY index.html /usr/share/nginx/html/index.html
#16 CACHED

#17 [web 2/4] COPY nginx.conf /etc/nginx/conf.d/default.conf
#17 CACHED

#18 [web 4/4] COPY client.js /usr/share/nginx/html/client.js
#18 CACHED

#19 [signaling 1/4] FROM docker.io/library/node:20-alpine@sha256:09e2b3d9726018aecf269bd35325f46bf75046a643a66d28360ec71132750ec8
#19 resolve docker.io/library/node:20-alpine@sha256:09e2b3d9726018aecf269bd35325f46bf75046a643a66d28360ec71132750ec8
#19 resolve docker.io/library/node:20-alpine@sha256:09e2b3d9726018aecf269bd35325f46bf75046a643a66d28360ec71132750ec8 0.3s done
#19 DONE 0.3s

#13 [signaling internal] load build context
#13 transferring context: 31B done
#13 DONE 0.1s

#20 [web] exporting to image
#20 exporting layers done
#20 exporting manifest sha256:4c7145ce70fa2dcdd54989fa0a81b072b1096339a6ddf60f3cbe839835936c50 0.0s done
#20 exporting config sha256:031c464f5bf19bf7b7cbb6dc67168c65bb9f1d18d76a17a5c9ed66252ca5de5f 0.0s done
#20 exporting attestation manifest sha256:82b5c04c5b92ba71698fb28e1b15484544dcadcb4d5654be62b04badfcacf401
#20 ...

#21 [signaling 3/4] COPY server.js .
#21 CACHED

#22 [signaling 2/4] WORKDIR /app
#22 CACHED

#23 [signaling 4/4] RUN npm init -y && npm i ws
#23 CACHED

#24 [signaling] exporting to image
#24 exporting layers 0.0s done
#24 exporting manifest sha256:43281b224710bb2328b0e52d0743025cff107eccdce372ae0338b5ad6b63d48a 0.0s done
#24 exporting config sha256:06aafc806e6bb18030c8469fe8716671a143cd34b2eb76fe5401fb6c4393367c 0.0s done
#24 exporting attestation manifest sha256:c24ab739900bf4edc63f672914498dbd9b187cb85a7683bea2ab87259441f82a
#24 exporting attestation manifest sha256:c24ab739900bf4edc63f672914498dbd9b187cb85a7683bea2ab87259441f82a 0.2s done
#24 exporting manifest list sha256:14a7cd012c9b1a2e0fdc0bbb3fb3af4192215e19a60e512c2804e5de986f047b
#24 exporting manifest list sha256:14a7cd012c9b1a2e0fdc0bbb3fb3af4192215e19a60e512c2804e5de986f047b 0.1s done
#24 naming to docker.io/library/webrtc-game-stream-signaling:latest 0.0s done
#24 unpacking to docker.io/library/webrtc-game-stream-signaling:latest 0.1s done
#24 DONE 0.7s

#20 [web] exporting to image
#20 exporting attestation manifest sha256:82b5c04c5b92ba71698fb28e1b15484544dcadcb4d5654be62b04badfcacf401 0.3s done
#20 exporting manifest list sha256:69e66459520cb43c2aca5a3ca38cdebe91b6e9dd70157c32116bce00f342afb8 0.1s done
#20 naming to docker.io/library/webrtc-game-stream-web:latest 0.0s done
#20 unpacking to docker.io/library/webrtc-game-stream-web:latest 0.1s done
#20 DONE 0.8s

#25 [game 2/7] RUN apt-get update && apt-get install -y     python3 python3-pip     xvfb x11-xserver-utils xauth     xterm     mesa-utils     gstreamer1.0-tools     gstreamer1.0-plugins-base     gstreamer1.0-plugins-good     gstreamer1.0-plugins-bad     gstreamer1.0-plugins-ugly     gstreamer1.0-libav     python3-gi gir1.2-gstreamer-1.0 gir1.2-gst-plugins-bad-1.0     && rm -rf /var/lib/apt/lists/*
#25 1.147 Get:1 http://archive.ubuntu.com/ubuntu jammy InRelease [270 kB]
#25 1.187 Get:2 http://security.ubuntu.com/ubuntu jammy-security InRelease [129 kB]
#25 ...

#26 [web] resolving provenance for metadata file
#26 DONE 0.0s

#27 [signaling] resolving provenance for metadata file
#27 DONE 0.0s

#25 [game 2/7] RUN apt-get update && apt-get install -y     python3 python3-pip     xvfb x11-xserver-utils xauth     xterm     mesa-utils     gstreamer1.0-tools     gstreamer1.0-plugins-base     gstreamer1.0-plugins-good     gstreamer1.0-plugins-bad     gstreamer1.0-plugins-ugly     gstreamer1.0-libav     python3-gi gir1.2-gstreamer-1.0 gir1.2-gst-plugins-bad-1.0     && rm -rf /var/lib/apt/lists/*
#25 1.958 Get:3 http://archive.ubuntu.com/ubuntu jammy-updates InRelease [128 kB]
#25 2.162 Get:4 http://archive.ubuntu.com/ubuntu jammy-backports InRelease [127 kB]
#25 2.203 Get:5 http://security.ubuntu.com/ubuntu jammy-security/restricted amd64 Packages [6511 kB]
#25 2.364 Get:6 http://archive.ubuntu.com/ubuntu jammy/universe amd64 Packages [17.5 MB]
#25 3.377 Get:7 http://security.ubuntu.com/ubuntu jammy-security/universe amd64 Packages [1300 kB]
#25 3.442 Get:8 http://security.ubuntu.com/ubuntu jammy-security/multiverse amd64 Packages [62.6 kB]
#25 3.442 Get:9 http://security.ubuntu.com/ubuntu jammy-security/main amd64 Packages [3728 kB]
#25 3.829 Get:10 http://archive.ubuntu.com/ubuntu jammy/restricted amd64 Packages [164 kB]
#25 3.829 Get:11 http://archive.ubuntu.com/ubuntu jammy/multiverse amd64 Packages [266 kB]
#25 3.847 Get:12 http://archive.ubuntu.com/ubuntu jammy/main amd64 Packages [1792 kB]
#25 3.916 Get:13 http://archive.ubuntu.com/ubuntu jammy-updates/restricted amd64 Packages [6731 kB]
#25 4.349 Get:14 http://archive.ubuntu.com/ubuntu jammy-updates/universe amd64 Packages [1613 kB]
#25 4.424 Get:15 http://archive.ubuntu.com/ubuntu jammy-updates/multiverse amd64 Packages [70.9 kB]
#25 4.435 Get:16 http://archive.ubuntu.com/ubuntu jammy-updates/main amd64 Packages [4063 kB]
#25 4.636 Get:17 http://archive.ubuntu.com/ubuntu jammy-backports/universe amd64 Packages [37.2 kB]
#25 4.636 Get:18 http://archive.ubuntu.com/ubuntu jammy-backports/main amd64 Packages [83.9 kB]
#25 5.430 Fetched 44.5 MB in 5s (9703 kB/s)
#25 5.430 Reading package lists...
#25 7.412 Reading package lists...
#25 9.209 Building dependency tree...
#25 9.623 Reading state information...
#25 10.62 The following additional packages will be installed:
#25 10.62   alsa-topology-conf alsa-ucm-conf binutils binutils-common
#25 10.62   binutils-x86-64-linux-gnu build-essential bzip2 ca-certificates cpp cpp-11
#25 10.62   dbus dbus-user-session dconf-gsettings-backend dconf-service dirmngr dmsetup
#25 10.62   dpkg-dev fakeroot fontconfig fontconfig-config fonts-dejavu-core
#25 10.62   fonts-droid-fallback fonts-noto-mono fonts-urw-base35 g++ g++-11 gcc gcc-11
#25 10.62   gcc-11-base ghostscript gir1.2-glib-2.0 gir1.2-gst-plugins-base-1.0
#25 10.62   glib-networking glib-networking-common glib-networking-services gnupg
#25 10.62   gnupg-l10n gnupg-utils gpg gpg-agent gpg-wks-client gpg-wks-server gpgconf
#25 10.62   gpgsm gsettings-desktop-schemas gsfonts gstreamer1.0-gl gstreamer1.0-x
#25 10.62   i965-va-driver imagemagick-6-common intel-media-va-driver iso-codes
#25 10.62   javascript-common liba52-0.7.4 libaa1 libaacs0 libalgorithm-diff-perl
#25 10.62   libalgorithm-diff-xs-perl libalgorithm-merge-perl libaom3 libapparmor1
#25 10.62   libargon2-1 libasan6 libasound2 libasound2-data libass9 libassuan0
#25 10.62   libasyncns0 libatomic1 libavahi-client3 libavahi-common-data
#25 10.62   libavahi-common3 libavc1394-0 libavcodec58 libavfilter7 libavformat58
#25 10.62   libavutil56 libbdplus0 libbinutils libblas3 libbluray2 libbrotli1 libbs2b0
#25 10.62   libbsd0 libc-dev-bin libc-devtools libc6-dev libcaca0 libcairo-gobject2
#25 10.62   libcairo2 libcap2-bin libcc1-0 libcdio19 libcdparanoia0 libchromaprint1
#25 10.62   libcodec2-1.0 libcrypt-dev libcryptsetup12 libctf-nobfd0 libctf0 libcups2
#25 10.62   libcurl3-gnutls libdatrie1 libdav1d5 libdbus-1-3 libdc1394-25 libdca0
#25 10.62   libdconf1 libde265-0 libdecor-0-0 libdecor-0-plugin-1-cairo libdeflate0
#25 10.62   libdevmapper1.02.1 libdjvulibre-text libdjvulibre21 libdpkg-perl
#25 10.62   libdrm-amdgpu1 libdrm-common libdrm-intel1 libdrm-nouveau2 libdrm-radeon1
#25 10.62   libdrm2 libdv4 libdvdnav4 libdvdread8 libdw1 libedit2 libegl-mesa0 libegl1
#25 10.62   libelf1 libexpat1 libexpat1-dev libfaad2 libfakeroot libfftw3-double3
#25 10.62   libfile-fcntllock-perl libflac8 libflite1 libfluidsynth3 libfontconfig1
#25 10.62   libfontenc1 libfreeaptx0 libfreetype6 libfribidi0 libgbm1 libgcc-11-dev
#25 10.62   libgd3 libgdbm-compat4 libgdbm6 libgdk-pixbuf-2.0-0 libgdk-pixbuf2.0-bin
#25 10.62   libgdk-pixbuf2.0-common libgfortran5 libgirepository-1.0-1 libgl1
#25 10.62   libgl1-amber-dri libgl1-mesa-dri libglapi-mesa libgles2 libglib2.0-0
#25 10.62   libglib2.0-data libglvnd0 libglx-mesa0 libglx0 libgme0 libgomp1 libgpm2
#25 10.62   libgraphene-1.0-0 libgraphite2-3 libgs9 libgs9-common libgsm1 libgssdp-1.2-0
#25 10.62   libgstreamer-gl1.0-0 libgstreamer-plugins-bad1.0-0
#25 10.62   libgstreamer-plugins-base1.0-0 libgstreamer-plugins-good1.0-0
#25 10.62   libgstreamer1.0-0 libgudev-1.0-0 libgupnp-1.2-1 libgupnp-igd-1.0-4
#25 10.62   libharfbuzz0b libheif1 libice6 libicu70 libidn12 libiec61883-0 libigdgmm12
#25 10.62   libijs-0.35 libilmbase25 libinstpatch-1.0-2 libip4tc2 libisl23 libitm1
#25 10.62   libjack-jackd2-0 libjbig0 libjbig2dec0 libjpeg-turbo8 libjpeg8 libjs-jquery
#25 10.62   libjs-sphinxdoc libjs-underscore libjson-c5 libjson-glib-1.0-0
#25 10.62   libjson-glib-1.0-common libjxr-tools libjxr0 libkate1 libkmod2 libksba8
#25 10.62   liblapack3 liblcms2-2 libldacbt-enc2 libldap-2.5-0 libldap-common
#25 10.62   liblilv-0-0 libllvm15 liblocale-gettext-perl liblqr-1-0 liblsan0 libltc11
#25 10.62   libltdl7 libmagickcore-6.q16-6 libmagickcore-6.q16-6-extra
#25 10.62   libmagickwand-6.q16-6 libmd0 libmfx1 libmjpegutils-2.1-0 libmodplug1
#25 10.62   libmp3lame0 libmpc3 libmpcdec6 libmpdec3 libmpeg2-4 libmpeg2encpp-2.1-0
#25 10.62   libmpfr6 libmpg123-0 libmplex2-2.1-0 libmysofa1 libnghttp2-14 libnice10
#25 10.62   libnorm1 libnpth0 libnsl-dev libnspr4 libnss-systemd libnss3 libnuma1
#25 10.62   libogg0 libopenal-data libopenal1 libopencore-amrnb0 libopencore-amrwb0
#25 10.62   libopenexr25 libopenh264-6 libopenjp2-7 libopenmpt0 libopenni2-0 libopus0
#25 10.62   liborc-0.4-0 libpam-cap libpam-systemd libpango-1.0-0 libpangocairo-1.0-0
#25 10.62   libpangoft2-1.0-0 libpaper-utils libpaper1 libpciaccess0 libperl5.34
#25 10.62   libpgm-5.3-0 libpixman-1-0 libpng16-16 libpocketsphinx3 libpostproc55
#25 10.62   libproxy1v5 libpsl5 libpulse0 libpython3-dev libpython3-stdlib libpython3.10
#25 10.62   libpython3.10-dev libpython3.10-minimal libpython3.10-stdlib libqrencode4
#25 10.62   libquadmath0 librabbitmq4 libraw1394-11 libreadline8 librsvg2-2
#25 10.62   librsvg2-common librtmp1 librubberband2 libsamplerate0 libsasl2-2
#25 10.62   libsasl2-modules libsasl2-modules-db libsbc1 libsdl2-2.0-0 libsensors-config
#25 10.62   libsensors5 libserd-0-0 libshine3 libshout3 libsidplay1v5 libslang2 libsm6
#25 10.62   libsnappy1v5 libsndfile1 libsndio7.0 libsodium23 libsord-0-0 libsoundtouch1
#25 10.62   libsoup2.4-1 libsoup2.4-common libsoxr0 libspandsp2 libspeex1 libsphinxbase3
#25 10.62   libsqlite3-0 libsratom-0-0 libsrt1.4-gnutls libsrtp2-1 libssh-4
#25 10.62   libssh-gcrypt-4 libstdc++-11-dev libswresample3 libswscale5 libtag1v5
#25 10.62   libtag1v5-vanilla libthai-data libthai0 libtheora0 libtiff5 libtirpc-dev
#25 10.62   libtsan0 libtwolame0 libubsan1 libudfread0 libunwind8 libusb-1.0-0
#25 10.62   libutempter0 libv4l-0 libv4lconvert0 libva-drm2 libva-x11-2 libva2 libvdpau1
#25 10.62   libvidstab1.1 libvisual-0.4-0 libvo-aacenc0 libvo-amrwbenc0 libvorbis0a
#25 10.62   libvorbisenc2 libvorbisfile3 libvpx7 libwavpack1 libwayland-client0
#25 10.62   libwayland-cursor0 libwayland-egl1 libwayland-server0 libwebp7 libwebpdemux2
#25 10.62   libwebpmux3 libwebrtc-audio-processing1 libwildmidi2 libwmflite-0.2-7
#25 10.62   libx11-6 libx11-data libx11-xcb1 libx264-163 libx265-199 libxau6 libxaw7
#25 10.62   libxcb-dri2-0 libxcb-dri3-0 libxcb-glx0 libxcb-present0 libxcb-randr0
#25 10.62   libxcb-render0 libxcb-shape0 libxcb-shm0 libxcb-sync1 libxcb-xfixes0 libxcb1
#25 10.62   libxcomposite1 libxcursor1 libxdamage1 libxdmcp6 libxext6 libxfixes3
#25 10.62   libxfont2 libxft2 libxi6 libxinerama1 libxkbcommon0 libxkbfile1 libxml2
#25 10.62   libxmu6 libxmuu1 libxpm4 libxrandr2 libxrender1 libxshmfence1 libxss1 libxt6
#25 10.62   libxtst6 libxv1 libxvidcore4 libxxf86dga1 libxxf86vm1 libzbar0 libzimg2
#25 10.63   libzmq5 libzvbi-common libzvbi0 libzxingcore1 linux-libc-dev
#25 10.63   lto-disabled-list make manpages manpages-dev media-types mesa-utils-bin
#25 10.63   mesa-va-drivers mesa-vdpau-drivers netbase networkd-dispatcher
#25 10.63   ocl-icd-libopencl1 openssl patch perl perl-modules-5.34 pinentry-curses
#25 10.63   pocketsphinx-en-us poppler-data publicsuffix python3-dbus python3-dev
#25 10.63   python3-distutils python3-lib2to3 python3-minimal python3-pkg-resources
#25 10.63   python3-setuptools python3-wheel python3.10 python3.10-dev
#25 10.63   python3.10-minimal readline-common rpcsvc-proto session-migration
#25 10.63   shared-mime-info systemd systemd-sysv systemd-timesyncd timgm6mb-soundfont
#25 10.63   ucf va-driver-all vdpau-driver-all x11-common x11-utils x11-xkb-utils
#25 10.63   xbitmaps xdg-user-dirs xfonts-base xfonts-encodings xfonts-utils xkb-data
#25 10.63   xserver-common xz-utils zlib1g-dev
#25 10.63 Suggested packages:
#25 10.63   binutils-doc bzip2-doc cpp-doc gcc-11-locales pinentry-gnome3 tor
#25 10.63   debian-keyring fonts-noto fonts-freefont-otf | fonts-freefont-ttf
#25 10.63   fonts-texgyre g++-multilib g++-11-multilib gcc-11-doc gcc-multilib autoconf
#25 10.63   automake libtool flex bison gdb gcc-doc gcc-11-multilib ghostscript-x
#25 10.63   parcimonie xloadimage scdaemon frei0r-plugins gvfs i965-va-driver-shaders
#25 10.63   isoquery apache2 | lighttpd | httpd libasound2-plugins alsa-utils libcuda1
#25 10.63   libnvcuvid1 libnvidia-encode1 libbluray-bdj glibc-doc cups-common git bzr
#25 10.63   libdv-bin oss-compat libdvdcss2 libfftw3-bin libfftw3-dev libgd-tools
#25 10.63   gdbm-l10n gpm libvisual-0.4-plugins jackd2 liblcms2-utils inkscape
#25 10.63   libportaudio2 opus-tools pciutils pulseaudio libraw1394-doc librsvg2-bin
#25 10.63   libsasl2-modules-gssapi-mit | libsasl2-modules-gssapi-heimdal
#25 10.63   libsasl2-modules-ldap libsasl2-modules-otp libsasl2-modules-sql xdg-utils
#25 10.63   lm-sensors serdi sidplay-base sndiod sordi speex libstdc++-11-doc
#25 10.63   libwildmidi-config make-doc man-browser iw | wireless-tools opencl-icd ed
#25 10.63   diffutils-doc perl-doc libterm-readline-gnu-perl
#25 10.63   | libterm-readline-perl-perl libtap-harness-archive-perl pinentry-doc
#25 10.63   poppler-utils fonts-japanese-mincho | fonts-ipafont-mincho
#25 10.63   fonts-japanese-gothic | fonts-ipafont-gothic fonts-arphic-ukai
#25 10.63   fonts-arphic-uming fonts-nanum python3-doc python3-tk python3-venv
#25 10.63   python-dbus-doc python-setuptools-doc python3.10-venv python3.10-doc
#25 10.63   binfmt-support readline-doc systemd-container libfido2-1
#25 10.63   libtss2-esys-3.0.2-0 libtss2-mu0 libtss2-rc0 policykit-1 fluid-soundfont-gm
#25 10.63   libvdpau-va-gl1 nickle cairo-5c xorg-docs-core xfonts-cyrillic
#25 12.08 The following NEW packages will be installed:
#25 12.08   alsa-topology-conf alsa-ucm-conf binutils binutils-common
#25 12.08   binutils-x86-64-linux-gnu build-essential bzip2 ca-certificates cpp cpp-11
#25 12.08   dbus dbus-user-session dconf-gsettings-backend dconf-service dirmngr dmsetup
#25 12.08   dpkg-dev fakeroot fontconfig fontconfig-config fonts-dejavu-core
#25 12.08   fonts-droid-fallback fonts-noto-mono fonts-urw-base35 g++ g++-11 gcc gcc-11
#25 12.09   gcc-11-base ghostscript gir1.2-glib-2.0 gir1.2-gst-plugins-bad-1.0
#25 12.09   gir1.2-gst-plugins-base-1.0 gir1.2-gstreamer-1.0 glib-networking
#25 12.09   glib-networking-common glib-networking-services gnupg gnupg-l10n gnupg-utils
#25 12.09   gpg gpg-agent gpg-wks-client gpg-wks-server gpgconf gpgsm
#25 12.09   gsettings-desktop-schemas gsfonts gstreamer1.0-gl gstreamer1.0-libav
#25 12.09   gstreamer1.0-plugins-bad gstreamer1.0-plugins-base gstreamer1.0-plugins-good
#25 12.09   gstreamer1.0-plugins-ugly gstreamer1.0-tools gstreamer1.0-x i965-va-driver
#25 12.09   imagemagick-6-common intel-media-va-driver iso-codes javascript-common
#25 12.09   liba52-0.7.4 libaa1 libaacs0 libalgorithm-diff-perl
#25 12.09   libalgorithm-diff-xs-perl libalgorithm-merge-perl libaom3 libapparmor1
#25 12.09   libargon2-1 libasan6 libasound2 libasound2-data libass9 libassuan0
#25 12.09   libasyncns0 libatomic1 libavahi-client3 libavahi-common-data
#25 12.09   libavahi-common3 libavc1394-0 libavcodec58 libavfilter7 libavformat58
#25 12.09   libavutil56 libbdplus0 libbinutils libblas3 libbluray2 libbrotli1 libbs2b0
#25 12.09   libbsd0 libc-dev-bin libc-devtools libc6-dev libcaca0 libcairo-gobject2
#25 12.09   libcairo2 libcap2-bin libcc1-0 libcdio19 libcdparanoia0 libchromaprint1
#25 12.09   libcodec2-1.0 libcrypt-dev libcryptsetup12 libctf-nobfd0 libctf0 libcups2
#25 12.09   libcurl3-gnutls libdatrie1 libdav1d5 libdbus-1-3 libdc1394-25 libdca0
#25 12.09   libdconf1 libde265-0 libdecor-0-0 libdecor-0-plugin-1-cairo libdeflate0
#25 12.09   libdevmapper1.02.1 libdjvulibre-text libdjvulibre21 libdpkg-perl
#25 12.09   libdrm-amdgpu1 libdrm-common libdrm-intel1 libdrm-nouveau2 libdrm-radeon1
#25 12.09   libdrm2 libdv4 libdvdnav4 libdvdread8 libdw1 libedit2 libegl-mesa0 libegl1
#25 12.09   libelf1 libexpat1 libexpat1-dev libfaad2 libfakeroot libfftw3-double3
#25 12.09   libfile-fcntllock-perl libflac8 libflite1 libfluidsynth3 libfontconfig1
#25 12.09   libfontenc1 libfreeaptx0 libfreetype6 libfribidi0 libgbm1 libgcc-11-dev
#25 12.09   libgd3 libgdbm-compat4 libgdbm6 libgdk-pixbuf-2.0-0 libgdk-pixbuf2.0-bin
#25 12.09   libgdk-pixbuf2.0-common libgfortran5 libgirepository-1.0-1 libgl1
#25 12.09   libgl1-amber-dri libgl1-mesa-dri libglapi-mesa libgles2 libglib2.0-0
#25 12.09   libglib2.0-data libglvnd0 libglx-mesa0 libglx0 libgme0 libgomp1 libgpm2
#25 12.09   libgraphene-1.0-0 libgraphite2-3 libgs9 libgs9-common libgsm1 libgssdp-1.2-0
#25 12.09   libgstreamer-gl1.0-0 libgstreamer-plugins-bad1.0-0
#25 12.09   libgstreamer-plugins-base1.0-0 libgstreamer-plugins-good1.0-0
#25 12.09   libgstreamer1.0-0 libgudev-1.0-0 libgupnp-1.2-1 libgupnp-igd-1.0-4
#25 12.09   libharfbuzz0b libheif1 libice6 libicu70 libidn12 libiec61883-0 libigdgmm12
#25 12.09   libijs-0.35 libilmbase25 libinstpatch-1.0-2 libip4tc2 libisl23 libitm1
#25 12.09   libjack-jackd2-0 libjbig0 libjbig2dec0 libjpeg-turbo8 libjpeg8 libjs-jquery
#25 12.09   libjs-sphinxdoc libjs-underscore libjson-c5 libjson-glib-1.0-0
#25 12.09   libjson-glib-1.0-common libjxr-tools libjxr0 libkate1 libkmod2 libksba8
#25 12.09   liblapack3 liblcms2-2 libldacbt-enc2 libldap-2.5-0 libldap-common
#25 12.09   liblilv-0-0 libllvm15 liblocale-gettext-perl liblqr-1-0 liblsan0 libltc11
#25 12.09   libltdl7 libmagickcore-6.q16-6 libmagickcore-6.q16-6-extra
#25 12.09   libmagickwand-6.q16-6 libmd0 libmfx1 libmjpegutils-2.1-0 libmodplug1
#25 12.09   libmp3lame0 libmpc3 libmpcdec6 libmpdec3 libmpeg2-4 libmpeg2encpp-2.1-0
#25 12.09   libmpfr6 libmpg123-0 libmplex2-2.1-0 libmysofa1 libnghttp2-14 libnice10
#25 12.09   libnorm1 libnpth0 libnsl-dev libnspr4 libnss-systemd libnss3 libnuma1
#25 12.09   libogg0 libopenal-data libopenal1 libopencore-amrnb0 libopencore-amrwb0
#25 12.09   libopenexr25 libopenh264-6 libopenjp2-7 libopenmpt0 libopenni2-0 libopus0
#25 12.09   liborc-0.4-0 libpam-cap libpam-systemd libpango-1.0-0 libpangocairo-1.0-0
#25 12.09   libpangoft2-1.0-0 libpaper-utils libpaper1 libpciaccess0 libperl5.34
#25 12.09   libpgm-5.3-0 libpixman-1-0 libpng16-16 libpocketsphinx3 libpostproc55
#25 12.09   libproxy1v5 libpsl5 libpulse0 libpython3-dev libpython3-stdlib libpython3.10
#25 12.09   libpython3.10-dev libpython3.10-minimal libpython3.10-stdlib libqrencode4
#25 12.09   libquadmath0 librabbitmq4 libraw1394-11 libreadline8 librsvg2-2
#25 12.09   librsvg2-common librtmp1 librubberband2 libsamplerate0 libsasl2-2
#25 12.09   libsasl2-modules libsasl2-modules-db libsbc1 libsdl2-2.0-0 libsensors-config
#25 12.09   libsensors5 libserd-0-0 libshine3 libshout3 libsidplay1v5 libslang2 libsm6
#25 12.09   libsnappy1v5 libsndfile1 libsndio7.0 libsodium23 libsord-0-0 libsoundtouch1
#25 12.09   libsoup2.4-1 libsoup2.4-common libsoxr0 libspandsp2 libspeex1 libsphinxbase3
#25 12.09   libsqlite3-0 libsratom-0-0 libsrt1.4-gnutls libsrtp2-1 libssh-4
#25 12.09   libssh-gcrypt-4 libstdc++-11-dev libswresample3 libswscale5 libtag1v5
#25 12.09   libtag1v5-vanilla libthai-data libthai0 libtheora0 libtiff5 libtirpc-dev
#25 12.09   libtsan0 libtwolame0 libubsan1 libudfread0 libunwind8 libusb-1.0-0
#25 12.09   libutempter0 libv4l-0 libv4lconvert0 libva-drm2 libva-x11-2 libva2 libvdpau1
#25 12.09   libvidstab1.1 libvisual-0.4-0 libvo-aacenc0 libvo-amrwbenc0 libvorbis0a
#25 12.09   libvorbisenc2 libvorbisfile3 libvpx7 libwavpack1 libwayland-client0
#25 12.09   libwayland-cursor0 libwayland-egl1 libwayland-server0 libwebp7 libwebpdemux2
#25 12.09   libwebpmux3 libwebrtc-audio-processing1 libwildmidi2 libwmflite-0.2-7
#25 12.09   libx11-6 libx11-data libx11-xcb1 libx264-163 libx265-199 libxau6 libxaw7
#25 12.09   libxcb-dri2-0 libxcb-dri3-0 libxcb-glx0 libxcb-present0 libxcb-randr0
#25 12.09   libxcb-render0 libxcb-shape0 libxcb-shm0 libxcb-sync1 libxcb-xfixes0 libxcb1
#25 12.09   libxcomposite1 libxcursor1 libxdamage1 libxdmcp6 libxext6 libxfixes3
#25 12.09   libxfont2 libxft2 libxi6 libxinerama1 libxkbcommon0 libxkbfile1 libxml2
#25 12.09   libxmu6 libxmuu1 libxpm4 libxrandr2 libxrender1 libxshmfence1 libxss1 libxt6
#25 12.09   libxtst6 libxv1 libxvidcore4 libxxf86dga1 libxxf86vm1 libzbar0 libzimg2
#25 12.09   libzmq5 libzvbi-common libzvbi0 libzxingcore1 linux-libc-dev
#25 12.09   lto-disabled-list make manpages manpages-dev media-types mesa-utils
#25 12.09   mesa-utils-bin mesa-va-drivers mesa-vdpau-drivers netbase
#25 12.09   networkd-dispatcher ocl-icd-libopencl1 openssl patch perl perl-modules-5.34
#25 12.09   pinentry-curses pocketsphinx-en-us poppler-data publicsuffix python3
#25 12.09   python3-dbus python3-dev python3-distutils python3-gi python3-lib2to3
#25 12.09   python3-minimal python3-pip python3-pkg-resources python3-setuptools
#25 12.09   python3-wheel python3.10 python3.10-dev python3.10-minimal readline-common
#25 12.09   rpcsvc-proto session-migration shared-mime-info systemd systemd-sysv
#25 12.09   systemd-timesyncd timgm6mb-soundfont ucf va-driver-all vdpau-driver-all
#25 12.09   x11-common x11-utils x11-xkb-utils x11-xserver-utils xauth xbitmaps
#25 12.09   xdg-user-dirs xfonts-base xfonts-encodings xfonts-utils xkb-data
#25 12.09   xserver-common xterm xvfb xz-utils zlib1g-dev
#25 12.50 0 upgraded, 486 newly installed, 0 to remove and 1 not upgraded.
#25 12.50 Need to get 322 MB of archives.
#25 12.50 After this operation, 1053 MB of additional disk space will be used.
#25 12.50 Get:1 http://archive.ubuntu.com/ubuntu jammy/main amd64 liblocale-gettext-perl amd64 1.07-4build3 [17.1 kB]
#25 12.80 Get:2 http://archive.ubuntu.com/ubuntu jammy-updates/main amd64 libpython3.10-minimal amd64 3.10.12-1~22.04.14 [816 kB]
#25 13.56 Get:3 http://archive.ubuntu.com/ubuntu jammy-updates/main amd64 libexpat1 amd64 2.4.7-1ubuntu0.7 [92.1 kB]
#25 13.59 Get:4 http://archive.ubuntu.com/ubuntu jammy-updates/main amd64 python3.10-minimal amd64 3.10.12-1~22.04.14 [2275 kB]
#25 13.85 Get:5 http://archive.ubuntu.com/ubuntu jammy-updates/main amd64 python3-minimal amd64 3.10.6-1~22.04.1 [24.3 kB]
#25 13.85 Get:6 http://archive.ubuntu.com/ubuntu jammy/main amd64 media-types all 7.0.0 [25.5 kB]
#25 13.85 Get:7 http://archive.ubuntu.com/ubuntu jammy/main amd64 libmpdec3 amd64 2.5.1-2build2 [86.8 kB]
#25 13.86 Get:8 http://archive.ubuntu.com/ubuntu jammy/main amd64 readline-common all 8.1.2-1 [53.5 kB]
#25 13.86 Get:9 http://archive.ubuntu.com/ubuntu jammy/main amd64 libreadline8 amd64 8.1.2-1 [153 kB]
#25 13.88 Get:10 http://archive.ubuntu.com/ubuntu jammy-updates/main amd64 libsqlite3-0 amd64 3.37.2-2ubuntu0.5 [643 kB]
#25 13.90 Get:11 http://archive.ubuntu.com/ubuntu jammy-updates/main amd64 libpython3.10-stdlib amd64 3.10.12-1~22.04.14 [1850 kB]
#25 13.98 Get:12 http://archive.ubuntu.com/ubuntu jammy-updates/main amd64 python3.10 amd64 3.10.12-1~22.04.14 [509 kB]
#25 14.00 Get:13 http://archive.ubuntu.com/ubuntu jammy-updates/main amd64 libpython3-stdlib amd64 3.10.6-1~22.04.1 [6812 B]
#25 14.01 Get:14 http://archive.ubuntu.com/ubuntu jammy-updates/main amd64 python3 amd64 3.10.6-1~22.04.1 [22.8 kB]
#25 14.01 Get:15 http://archive.ubuntu.com/ubuntu jammy-updates/main amd64 libapparmor1 amd64 3.0.4-2ubuntu2.5 [39.6 kB]
#25 14.01 Get:16 http://archive.ubuntu.com/ubuntu jammy/main amd64 libargon2-1 amd64 0~20171227-0.3 [19.5 kB]
#25 14.16 Get:17 http://archive.ubuntu.com/ubuntu jammy-updates/main amd64 libdevmapper1.02.1 amd64 2:1.02.175-2.1ubuntu5 [139 kB]
#25 14.16 Get:18 http://archive.ubuntu.com/ubuntu jammy-updates/main amd64 libjson-c5 amd64 0.15-3~ubuntu1.22.04.2 [33.5 kB]
#25 14.16 Get:19 http://archive.ubuntu.com/ubuntu jammy-updates/main amd64 libcryptsetup12 amd64 2:2.4.3-1ubuntu1.3 [211 kB]
#25 14.17 Get:20 http://archive.ubuntu.com/ubuntu jammy-updates/main amd64 libip4tc2 amd64 1.8.7-1ubuntu5.2 [19.9 kB]
#25 14.17 Get:21 http://archive.ubuntu.com/ubuntu jammy/main amd64 libkmod2 amd64 29-1ubuntu1 [48.0 kB]
#25 14.18 Get:22 http://archive.ubuntu.com/ubuntu jammy-updates/main amd64 systemd amd64 249.11-0ubuntu3.17 [4583 kB]
#25 14.36 Get:23 http://archive.ubuntu.com/ubuntu jammy-updates/main amd64 systemd-sysv amd64 249.11-0ubuntu3.17 [10.5 kB]
#25 14.36 Get:24 http://archive.ubuntu.com/ubuntu jammy/main amd64 fonts-droid-fallback all 1:6.0.1r16-1.1build1 [1805 kB]
#25 14.48 Get:25 http://archive.ubuntu.com/ubuntu jammy-updates/main amd64 libgomp1 amd64 12.3.0-1ubuntu1~22.04.2 [127 kB]
#25 14.49 Get:26 http://archive.ubuntu.com/ubuntu jammy/main amd64 libfftw3-double3 amd64 3.3.8-2ubuntu8 [770 kB]
#25 14.51 Get:27 http://archive.ubuntu.com/ubuntu jammy/main amd64 libbrotli1 amd64 1.0.9-2build6 [315 kB]
#25 14.52 Get:28 http://archive.ubuntu.com/ubuntu jammy-updates/main amd64 libpng16-16 amd64 1.6.37-3ubuntu0.4 [192 kB]
#25 14.60 Get:29 http://archive.ubuntu.com/ubuntu jammy-updates/main amd64 libfreetype6 amd64 2.11.1+dfsg-1ubuntu0.3 [388 kB]
#25 14.61 Get:30 http://archive.ubuntu.com/ubuntu jammy/main amd64 ucf all 3.0043 [56.1 kB]
#25 14.61 Get:31 http://archive.ubuntu.com/ubuntu jammy/main amd64 fonts-dejavu-core all 2.37-2build1 [1041 kB]
#25 14.64 Get:32 http://archive.ubuntu.com/ubuntu jammy/main amd64 fonts-urw-base35 all 20200910-1 [6367 kB]
#25 15.01 Get:33 http://archive.ubuntu.com/ubuntu jammy/main amd64 fontconfig-config all 2.13.1-4.2ubuntu5 [29.1 kB]
#25 15.01 Get:34 http://archive.ubuntu.com/ubuntu jammy/main amd64 libfontconfig1 amd64 2.13.1-4.2ubuntu5 [131 kB]
#25 15.02 Get:35 http://archive.ubuntu.com/ubuntu jammy-updates/universe amd64 libaom3 amd64 3.3.0-1ubuntu0.1 [1748 kB]
#25 15.10 Get:36 http://archive.ubuntu.com/ubuntu jammy/universe amd64 libdav1d5 amd64 0.9.2-1 [463 kB]
#25 15.12 Get:37 http://archive.ubuntu.com/ubuntu jammy-updates/universe amd64 libde265-0 amd64 1.0.8-1ubuntu0.3 [290 kB]
#25 15.14 Get:38 http://archive.ubuntu.com/ubuntu jammy/main amd64 libnuma1 amd64 2.0.14-3ubuntu2 [22.5 kB]
#25 15.14 Get:39 http://archive.ubuntu.com/ubuntu jammy/universe amd64 libx265-199 amd64 3.5-2 [1170 kB]
#25 15.19 Get:40 http://archive.ubuntu.com/ubuntu jammy/universe amd64 libheif1 amd64 1.12.0-2build1 [196 kB]
#25 15.20 Get:41 http://archive.ubuntu.com/ubuntu jammy-updates/main amd64 libjbig0 amd64 2.1-3.1ubuntu0.22.04.1 [29.2 kB]
#25 15.20 Get:42 http://archive.ubuntu.com/ubuntu jammy/main amd64 libjpeg-turbo8 amd64 2.1.2-0ubuntu1 [134 kB]
#25 15.21 Get:43 http://archive.ubuntu.com/ubuntu jammy/main amd64 libjpeg8 amd64 8c-2ubuntu10 [2264 B]
#25 15.31 Get:44 http://archive.ubuntu.com/ubuntu jammy/main amd64 liblcms2-2 amd64 2.12~rc1-2build2 [159 kB]
#25 15.32 Get:45 http://archive.ubuntu.com/ubuntu jammy-updates/main amd64 libglib2.0-0 amd64 2.72.4-0ubuntu2.9 [1467 kB]
#25 15.37 Get:46 http://archive.ubuntu.com/ubuntu jammy/universe amd64 liblqr-1-0 amd64 0.4.2-2.1 [27.7 kB]
#25 15.37 Get:47 http://archive.ubuntu.com/ubuntu jammy/main amd64 libltdl7 amd64 2.4.6-15build2 [39.6 kB]
#25 15.37 Get:48 http://archive.ubuntu.com/ubuntu jammy-updates/main amd64 libopenjp2-7 amd64 2.4.0-6ubuntu0.4 [158 kB]
#25 15.46 Get:49 http://archive.ubuntu.com/ubuntu jammy/main amd64 libdeflate0 amd64 1.10-2 [70.9 kB]
#25 15.46 Get:50 http://archive.ubuntu.com/ubuntu jammy-updates/main amd64 libwebp7 amd64 1.2.2-2ubuntu0.22.04.2 [206 kB]
#25 15.47 Get:51 http://archive.ubuntu.com/ubuntu jammy-updates/main amd64 libtiff5 amd64 4.3.0-6ubuntu0.12 [185 kB]
#25 15.47 Get:52 http://archive.ubuntu.com/ubuntu jammy-updates/main amd64 libwebpdemux2 amd64 1.2.2-2ubuntu0.22.04.2 [9964 B]
#25 15.47 Get:53 http://archive.ubuntu.com/ubuntu jammy-updates/main amd64 libwebpmux3 amd64 1.2.2-2ubuntu0.22.04.2 [20.5 kB]
#25 15.60 Get:54 http://archive.ubuntu.com/ubuntu jammy/main amd64 libxau6 amd64 1:1.0.9-1build5 [7634 B]
#25 15.61 Get:55 http://archive.ubuntu.com/ubuntu jammy/main amd64 libmd0 amd64 1.0.4-1build1 [23.0 kB]
#25 15.61 Get:56 http://archive.ubuntu.com/ubuntu jammy/main amd64 libbsd0 amd64 0.11.5-1 [44.8 kB]
#25 15.61 Get:57 http://archive.ubuntu.com/ubuntu jammy/main amd64 libxdmcp6 amd64 1:1.1.3-0ubuntu5 [10.9 kB]
#25 15.61 Get:58 http://archive.ubuntu.com/ubuntu jammy/main amd64 libxcb1 amd64 1.14-3ubuntu3 [49.0 kB]
#25 15.75 Get:59 http://archive.ubuntu.com/ubuntu jammy-updates/main amd64 libx11-data all 2:1.7.5-1ubuntu0.3 [120 kB]
#25 15.75 Get:60 http://archive.ubuntu.com/ubuntu jammy-updates/main amd64 libx11-6 amd64 2:1.7.5-1ubuntu0.3 [667 kB]
#25 15.78 Get:61 http://archive.ubuntu.com/ubuntu jammy/main amd64 libxext6 amd64 2:1.3.4-1build1 [31.8 kB]
#25 15.78 Get:62 http://archive.ubuntu.com/ubuntu jammy/main amd64 libicu70 amd64 70.1-2 [10.6 MB]
#25 16.28 Get:63 http://archive.ubuntu.com/ubuntu jammy-updates/main amd64 libxml2 amd64 2.9.13+dfsg-1ubuntu0.11 [765 kB]
#25 16.31 Get:64 http://archive.ubuntu.com/ubuntu jammy-updates/universe amd64 imagemagick-6-common all 8:6.9.11.60+dfsg-1.3ubuntu0.22.04.5 [64.3 kB]
#25 16.31 Get:65 http://archive.ubuntu.com/ubuntu jammy-updates/universe amd64 libmagickcore-6.q16-6 amd64 8:6.9.11.60+dfsg-1.3ubuntu0.22.04.5 [1795 kB]
#25 16.41 Get:66 http://archive.ubuntu.com/ubuntu jammy-updates/universe amd64 libmagickwand-6.q16-6 amd64 8:6.9.11.60+dfsg-1.3ubuntu0.22.04.5 [328 kB]
#25 16.42 Get:67 http://archive.ubuntu.com/ubuntu jammy-updates/main amd64 perl-modules-5.34 all 5.34.0-3ubuntu1.5 [2977 kB]
#25 16.56 Get:68 http://archive.ubuntu.com/ubuntu jammy/main amd64 libgdbm6 amd64 1.23-1 [33.9 kB]
#25 16.56 Get:69 http://archive.ubuntu.com/ubuntu jammy/main amd64 libgdbm-compat4 amd64 1.23-1 [6606 B]
#25 16.56 Get:70 http://archive.ubuntu.com/ubuntu jammy-updates/main amd64 libperl5.34 amd64 5.34.0-3ubuntu1.5 [4797 kB]
#25 16.78 Get:71 http://archive.ubuntu.com/ubuntu jammy-updates/main amd64 perl amd64 5.34.0-3ubuntu1.5 [232 kB]
#25 16.80 Get:72 http://archive.ubuntu.com/ubuntu jammy/main amd64 poppler-data all 0.4.11-1 [2171 kB]
#25 16.89 Get:73 http://archive.ubuntu.com/ubuntu jammy-updates/main amd64 openssl amd64 3.0.2-0ubuntu1.21 [1184 kB]
#25 16.95 Get:74 http://archive.ubuntu.com/ubuntu jammy-updates/main amd64 ca-certificates all 20240203~22.04.1 [162 kB]
#25 16.97 Get:75 http://archive.ubuntu.com/ubuntu jammy-updates/main amd64 libdbus-1-3 amd64 1.12.20-2ubuntu4.1 [189 kB]
#25 16.98 Get:76 http://archive.ubuntu.com/ubuntu jammy-updates/main amd64 dbus amd64 1.12.20-2ubuntu4.1 [158 kB]
#25 16.99 Get:77 http://archive.ubuntu.com/ubuntu jammy-updates/main amd64 dmsetup amd64 2:1.02.175-2.1ubuntu5 [81.7 kB]
#25 16.99 Get:78 http://archive.ubuntu.com/ubuntu jammy/main amd64 libgirepository-1.0-1 amd64 1.72.0-1 [55.6 kB]
#25 16.99 Get:79 http://archive.ubuntu.com/ubuntu jammy/main amd64 gir1.2-glib-2.0 amd64 1.72.0-1 [164 kB]
#25 16.99 Get:80 http://archive.ubuntu.com/ubuntu jammy/main amd64 iso-codes all 4.9.0-1 [3459 kB]
#25 17.15 Get:81 http://archive.ubuntu.com/ubuntu jammy-updates/main amd64 libcap2-bin amd64 1:2.44-1ubuntu0.22.04.2 [26.0 kB]
#25 17.15 Get:82 http://archive.ubuntu.com/ubuntu jammy-updates/main amd64 libelf1 amd64 0.186-1ubuntu0.1 [51.1 kB]
#25 17.22 Get:83 http://archive.ubuntu.com/ubuntu jammy-updates/main amd64 libfribidi0 amd64 1.0.8-2ubuntu3.1 [26.1 kB]
#25 17.22 Get:84 http://archive.ubuntu.com/ubuntu jammy-updates/main amd64 libglib2.0-data all 2.72.4-0ubuntu2.9 [5088 B]
#25 17.22 Get:85 http://archive.ubuntu.com/ubuntu jammy-updates/main amd64 libnss-systemd amd64 249.11-0ubuntu3.17 [133 kB]
#25 17.23 Get:86 http://archive.ubuntu.com/ubuntu jammy-updates/main amd64 libpam-cap amd64 1:2.44-1ubuntu0.22.04.2 [7930 B]
#25 17.23 Get:87 http://archive.ubuntu.com/ubuntu jammy-updates/main amd64 libpam-systemd amd64 249.11-0ubuntu3.17 [203 kB]
#25 17.23 Get:88 http://archive.ubuntu.com/ubuntu jammy/main amd64 libslang2 amd64 2.3.2-5build4 [468 kB]
#25 17.25 Get:89 http://archive.ubuntu.com/ubuntu jammy/main amd64 netbase all 6.3 [12.9 kB]
#25 17.37 Get:90 http://archive.ubuntu.com/ubuntu jammy/main amd64 python3-dbus amd64 1.2.18-3build1 [99.5 kB]
#25 17.37 Get:91 http://archive.ubuntu.com/ubuntu jammy-updates/main amd64 python3-gi amd64 3.42.1-0ubuntu1 [229 kB]
#25 17.38 Get:92 http://archive.ubuntu.com/ubuntu jammy-updates/main amd64 networkd-dispatcher all 2.1-2ubuntu0.22.04.2 [15.8 kB]
#25 17.52 Get:93 http://archive.ubuntu.com/ubuntu jammy-updates/main amd64 python3-pkg-resources all 59.6.0-1.2ubuntu0.22.04.3 [133 kB]
#25 17.52 Get:94 http://archive.ubuntu.com/ubuntu jammy/main amd64 shared-mime-info amd64 2.1-2 [454 kB]
#25 17.54 Get:95 http://archive.ubuntu.com/ubuntu jammy-updates/main amd64 systemd-timesyncd amd64 249.11-0ubuntu3.17 [31.2 kB]
#25 17.54 Get:96 http://archive.ubuntu.com/ubuntu jammy/main amd64 xdg-user-dirs amd64 0.17-2ubuntu4 [53.9 kB]
#25 17.54 Get:97 http://archive.ubuntu.com/ubuntu jammy/main amd64 xkb-data all 2.33-1 [394 kB]
#25 17.55 Get:98 http://archive.ubuntu.com/ubuntu jammy-updates/main amd64 libdrm-common all 2.4.113-2~ubuntu0.22.04.1 [5450 B]
#25 17.55 Get:99 http://archive.ubuntu.com/ubuntu jammy-updates/main amd64 libdrm2 amd64 2.4.113-2~ubuntu0.22.04.1 [38.1 kB]
#25 17.67 Get:100 http://archive.ubuntu.com/ubuntu jammy/main amd64 libedit2 amd64 3.1-20210910-1build1 [96.8 kB]
#25 17.67 Get:101 http://archive.ubuntu.com/ubuntu jammy-updates/main amd64 libnghttp2-14 amd64 1.43.0-1ubuntu0.2 [76.9 kB]
#25 18.01 Get:102 http://archive.ubuntu.com/ubuntu jammy/main amd64 libpsl5 amd64 0.21.0-1.2build2 [58.4 kB]
#25 18.57 Get:103 http://archive.ubuntu.com/ubuntu jammy-updates/main amd64 libusb-1.0-0 amd64 2:1.0.25-1ubuntu2 [52.7 kB]
#25 18.66 Get:104 http://archive.ubuntu.com/ubuntu jammy/main amd64 libxmuu1 amd64 2:1.1.3-3 [10.2 kB]
#25 18.68 Get:105 http://archive.ubuntu.com/ubuntu jammy/main amd64 manpages all 5.10-1ubuntu1 [1375 kB]
#25 19.38 Get:106 http://archive.ubuntu.com/ubuntu jammy/main amd64 publicsuffix all 20211207.1025-1 [129 kB]
#25 19.40 Get:107 http://archive.ubuntu.com/ubuntu jammy/main amd64 xauth amd64 1:1.1-1build2 [27.5 kB]
#25 19.40 Get:108 http://archive.ubuntu.com/ubuntu jammy/main amd64 xz-utils amd64 5.2.5-2ubuntu1 [84.8 kB]
#25 19.41 Get:109 http://archive.ubuntu.com/ubuntu jammy/main amd64 alsa-topology-conf all 1.2.5.1-2 [15.5 kB]
#25 19.41 Get:110 http://archive.ubuntu.com/ubuntu jammy-updates/main amd64 libasound2-data all 1.2.6.1-1ubuntu1.1 [19.3 kB]
#25 19.42 Get:111 http://archive.ubuntu.com/ubuntu jammy-updates/main amd64 libasound2 amd64 1.2.6.1-1ubuntu1.1 [391 kB]
#25 19.46 Get:112 http://archive.ubuntu.com/ubuntu jammy-updates/main amd64 alsa-ucm-conf all 1.2.6.3-1ubuntu1.12 [43.5 kB]
#25 19.47 Get:113 http://archive.ubuntu.com/ubuntu jammy-updates/main amd64 binutils-common amd64 2.38-4ubuntu2.12 [223 kB]
#25 19.50 Get:114 http://archive.ubuntu.com/ubuntu jammy-updates/main amd64 libbinutils amd64 2.38-4ubuntu2.12 [663 kB]
#25 19.55 Get:115 http://archive.ubuntu.com/ubuntu jammy-updates/main amd64 libctf-nobfd0 amd64 2.38-4ubuntu2.12 [108 kB]
#25 19.72 Get:116 http://archive.ubuntu.com/ubuntu jammy-updates/main amd64 libctf0 amd64 2.38-4ubuntu2.12 [103 kB]
#25 19.72 Get:117 http://archive.ubuntu.com/ubuntu jammy-updates/main amd64 binutils-x86-64-linux-gnu amd64 2.38-4ubuntu2.12 [2324 kB]
#25 19.82 Get:118 http://archive.ubuntu.com/ubuntu jammy-updates/main amd64 binutils amd64 2.38-4ubuntu2.12 [3184 B]
#25 19.82 Get:119 http://archive.ubuntu.com/ubuntu jammy-updates/main amd64 libc-dev-bin amd64 2.35-0ubuntu3.13 [20.3 kB]
#25 19.82 Get:120 http://archive.ubuntu.com/ubuntu jammy-updates/main amd64 linux-libc-dev amd64 5.15.0-170.180 [1324 kB]
#25 19.91 Get:121 http://archive.ubuntu.com/ubuntu jammy/main amd64 libcrypt-dev amd64 1:4.4.27-1 [112 kB]
#25 19.91 Get:122 http://archive.ubuntu.com/ubuntu jammy/main amd64 rpcsvc-proto amd64 1.4.2-0ubuntu6 [68.5 kB]
#25 19.92 Get:123 http://archive.ubuntu.com/ubuntu jammy-updates/main amd64 libtirpc-dev amd64 1.3.2-2ubuntu0.1 [192 kB]
#25 19.93 Get:124 http://archive.ubuntu.com/ubuntu jammy/main amd64 libnsl-dev amd64 1.3.0-2build2 [71.3 kB]
#25 19.93 Get:125 http://archive.ubuntu.com/ubuntu jammy-updates/main amd64 libc6-dev amd64 2.35-0ubuntu3.13 [2101 kB]
#25 20.06 Get:126 http://archive.ubuntu.com/ubuntu jammy-updates/main amd64 gcc-11-base amd64 11.4.0-1ubuntu1~22.04.3 [216 kB]
#25 20.06 Get:127 http://archive.ubuntu.com/ubuntu jammy/main amd64 libisl23 amd64 0.24-2build1 [727 kB]
#25 20.09 Get:128 http://archive.ubuntu.com/ubuntu jammy/main amd64 libmpfr6 amd64 4.1.0-3build3 [1425 kB]
#25 20.14 Get:129 http://archive.ubuntu.com/ubuntu jammy/main amd64 libmpc3 amd64 1.2.1-2build1 [46.9 kB]
#25 20.22 Get:130 http://archive.ubuntu.com/ubuntu jammy-updates/main amd64 cpp-11 amd64 11.4.0-1ubuntu1~22.04.3 [10.0 MB]
#25 20.76 Get:131 http://archive.ubuntu.com/ubuntu jammy/main amd64 cpp amd64 4:11.2.0-1ubuntu1 [27.7 kB]
#25 20.76 Get:132 http://archive.ubuntu.com/ubuntu jammy-updates/main amd64 libcc1-0 amd64 12.3.0-1ubuntu1~22.04.2 [48.3 kB]
#25 20.77 Get:133 http://archive.ubuntu.com/ubuntu jammy-updates/main amd64 libitm1 amd64 12.3.0-1ubuntu1~22.04.2 [30.2 kB]
#25 20.77 Get:134 http://archive.ubuntu.com/ubuntu jammy-updates/main amd64 libatomic1 amd64 12.3.0-1ubuntu1~22.04.2 [10.4 kB]
#25 20.77 Get:135 http://archive.ubuntu.com/ubuntu jammy-updates/main amd64 libasan6 amd64 11.4.0-1ubuntu1~22.04.3 [2283 kB]
#25 20.89 Get:136 http://archive.ubuntu.com/ubuntu jammy-updates/main amd64 liblsan0 amd64 12.3.0-1ubuntu1~22.04.2 [1069 kB]
#25 20.95 Get:137 http://archive.ubuntu.com/ubuntu jammy-updates/main amd64 libtsan0 amd64 11.4.0-1ubuntu1~22.04.3 [2260 kB]
#25 21.08 Get:138 http://archive.ubuntu.com/ubuntu jammy-updates/main amd64 libubsan1 amd64 12.3.0-1ubuntu1~22.04.2 [976 kB]
#25 21.13 Get:139 http://archive.ubuntu.com/ubuntu jammy-updates/main amd64 libquadmath0 amd64 12.3.0-1ubuntu1~22.04.2 [154 kB]
#25 21.13 Get:140 http://archive.ubuntu.com/ubuntu jammy-updates/main amd64 libgcc-11-dev amd64 11.4.0-1ubuntu1~22.04.3 [2517 kB]
#25 21.26 Get:141 http://archive.ubuntu.com/ubuntu jammy-updates/main amd64 gcc-11 amd64 11.4.0-1ubuntu1~22.04.3 [20.1 MB]
#25 22.35 Get:142 http://archive.ubuntu.com/ubuntu jammy/main amd64 gcc amd64 4:11.2.0-1ubuntu1 [5112 B]
#25 22.35 Get:143 http://archive.ubuntu.com/ubuntu jammy-updates/main amd64 libstdc++-11-dev amd64 11.4.0-1ubuntu1~22.04.3 [2101 kB]
#25 22.46 Get:144 http://archive.ubuntu.com/ubuntu jammy-updates/main amd64 g++-11 amd64 11.4.0-1ubuntu1~22.04.3 [11.4 MB]
#25 23.07 Get:145 http://archive.ubuntu.com/ubuntu jammy/main amd64 g++ amd64 4:11.2.0-1ubuntu1 [1412 B]
#25 23.07 Get:146 http://archive.ubuntu.com/ubuntu jammy/main amd64 make amd64 4.3-4.1build1 [180 kB]
#25 23.08 Get:147 http://archive.ubuntu.com/ubuntu jammy-updates/main amd64 libdpkg-perl all 1.21.1ubuntu2.6 [237 kB]
#25 23.09 Get:148 http://archive.ubuntu.com/ubuntu jammy/main amd64 bzip2 amd64 1.0.8-5build1 [34.8 kB]
#25 23.09 Get:149 http://archive.ubuntu.com/ubuntu jammy/main amd64 patch amd64 2.7.6-7build2 [109 kB]
#25 23.10 Get:150 http://archive.ubuntu.com/ubuntu jammy/main amd64 lto-disabled-list all 24 [12.5 kB]
#25 23.10 Get:151 http://archive.ubuntu.com/ubuntu jammy-updates/main amd64 dpkg-dev all 1.21.1ubuntu2.6 [922 kB]
#25 23.15 Get:152 http://archive.ubuntu.com/ubuntu jammy/main amd64 build-essential amd64 12.9ubuntu3 [4744 B]
#25 23.15 Get:153 http://archive.ubuntu.com/ubuntu jammy-updates/main amd64 dbus-user-session amd64 1.12.20-2ubuntu4.1 [9442 B]
#25 23.24 Get:154 http://archive.ubuntu.com/ubuntu jammy-updates/main amd64 libdconf1 amd64 0.40.0-3ubuntu0.1 [40.5 kB]
#25 23.41 Get:155 http://archive.ubuntu.com/ubuntu jammy-updates/main amd64 dconf-service amd64 0.40.0-3ubuntu0.1 [28.1 kB]
#25 23.42 Get:156 http://archive.ubuntu.com/ubuntu jammy-updates/main amd64 dconf-gsettings-backend amd64 0.40.0-3ubuntu0.1 [22.7 kB]
#25 23.42 Get:157 http://archive.ubuntu.com/ubuntu jammy/main amd64 libassuan0 amd64 2.5.5-1build1 [38.2 kB]
#25 23.42 Get:158 http://archive.ubuntu.com/ubuntu jammy-updates/main amd64 gpgconf amd64 2.2.27-3ubuntu2.5 [94.3 kB]
#25 23.42 Get:159 http://archive.ubuntu.com/ubuntu jammy-updates/main amd64 libksba8 amd64 1.6.0-2ubuntu0.2 [119 kB]
#25 23.43 Get:160 http://archive.ubuntu.com/ubuntu jammy-updates/main amd64 libsasl2-modules-db amd64 2.1.27+dfsg2-3ubuntu1.2 [20.5 kB]
#25 23.43 Get:161 http://archive.ubuntu.com/ubuntu jammy-updates/main amd64 libsasl2-2 amd64 2.1.27+dfsg2-3ubuntu1.2 [53.8 kB]
#25 23.43 Get:162 http://archive.ubuntu.com/ubuntu jammy-updates/main amd64 libldap-2.5-0 amd64 2.5.20+dfsg-0ubuntu0.22.04.1 [184 kB]
#25 23.44 Get:163 http://archive.ubuntu.com/ubuntu jammy/main amd64 libnpth0 amd64 1.6-3build2 [8664 B]
#25 23.58 Get:164 http://archive.ubuntu.com/ubuntu jammy-updates/main amd64 dirmngr amd64 2.2.27-3ubuntu2.5 [293 kB]
#25 23.75 Get:165 http://archive.ubuntu.com/ubuntu jammy/main amd64 libfakeroot amd64 1.28-1ubuntu1 [31.5 kB]
#25 23.75 Get:166 http://archive.ubuntu.com/ubuntu jammy/main amd64 fakeroot amd64 1.28-1ubuntu1 [60.4 kB]
#25 23.76 Get:167 http://archive.ubuntu.com/ubuntu jammy/main amd64 fontconfig amd64 2.13.1-4.2ubuntu5 [177 kB]
#25 23.76 Get:168 http://archive.ubuntu.com/ubuntu jammy/main amd64 fonts-noto-mono all 20201225-1build1 [397 kB]
#25 23.78 Get:169 http://archive.ubuntu.com/ubuntu jammy-updates/main amd64 libgs9-common all 9.55.0~dfsg1-0ubuntu5.13 [753 kB]
#25 23.82 Get:170 http://archive.ubuntu.com/ubuntu jammy-updates/main amd64 libavahi-common-data amd64 0.8-5ubuntu5.4 [24.0 kB]
#25 23.82 Get:171 http://archive.ubuntu.com/ubuntu jammy-updates/main amd64 libavahi-common3 amd64 0.8-5ubuntu5.4 [23.9 kB]
#25 23.82 Get:172 http://archive.ubuntu.com/ubuntu jammy-updates/main amd64 libavahi-client3 amd64 0.8-5ubuntu5.4 [28.0 kB]
#25 23.82 Get:173 http://archive.ubuntu.com/ubuntu jammy-updates/main amd64 libcups2 amd64 2.4.1op1-1ubuntu4.16 [264 kB]
#25 23.92 Get:174 http://archive.ubuntu.com/ubuntu jammy-updates/main amd64 libidn12 amd64 1.38-4ubuntu1 [60.0 kB]
#25 24.10 Get:175 http://archive.ubuntu.com/ubuntu jammy/main amd64 libijs-0.35 amd64 0.35-15build2 [16.5 kB]
#25 24.10 Get:176 http://archive.ubuntu.com/ubuntu jammy/main amd64 libjbig2dec0 amd64 0.19-3build2 [64.7 kB]
#25 24.10 Get:177 http://archive.ubuntu.com/ubuntu jammy/main amd64 libpaper1 amd64 1.1.28build2 [13.8 kB]
#25 24.10 Get:178 http://archive.ubuntu.com/ubuntu jammy-updates/main amd64 libgs9 amd64 9.55.0~dfsg1-0ubuntu5.13 [5032 kB]
#25 24.37 Get:179 http://archive.ubuntu.com/ubuntu jammy-updates/main amd64 ghostscript amd64 9.55.0~dfsg1-0ubuntu5.13 [49.4 kB]
#25 24.38 Get:180 http://archive.ubuntu.com/ubuntu jammy-updates/main amd64 libdw1 amd64 0.186-1ubuntu0.1 [251 kB]
#25 24.38 Get:181 http://archive.ubuntu.com/ubuntu jammy-updates/main amd64 libunwind8 amd64 1.3.2-2build2.1 [54.5 kB]
#25 24.38 Get:182 http://archive.ubuntu.com/ubuntu jammy-updates/main amd64 libgstreamer1.0-0 amd64 1.20.3-0ubuntu1.1 [984 kB]
#25 24.44 Get:183 http://archive.ubuntu.com/ubuntu jammy-updates/main amd64 gir1.2-gstreamer-1.0 amd64 1.20.3-0ubuntu1.1 [87.4 kB]
#25 24.44 Get:184 http://archive.ubuntu.com/ubuntu jammy/main amd64 libglvnd0 amd64 1.4.0-1 [73.6 kB]
#25 24.44 Get:185 http://archive.ubuntu.com/ubuntu jammy-updates/main amd64 libwayland-server0 amd64 1.20.0-1ubuntu0.1 [34.3 kB]
#25 24.45 Get:186 http://archive.ubuntu.com/ubuntu jammy/main amd64 libxcb-randr0 amd64 1.14-3ubuntu3 [18.3 kB]
#25 24.45 Get:187 http://archive.ubuntu.com/ubuntu jammy-updates/main amd64 libgbm1 amd64 23.2.1-1ubuntu3.1~22.04.3 [33.5 kB]
#25 24.60 Get:188 http://archive.ubuntu.com/ubuntu jammy-updates/main amd64 libglapi-mesa amd64 23.2.1-1ubuntu3.1~22.04.3 [35.4 kB]
#25 24.60 Get:189 http://archive.ubuntu.com/ubuntu jammy-updates/main amd64 libwayland-client0 amd64 1.20.0-1ubuntu0.1 [25.9 kB]
#25 24.60 Get:190 http://archive.ubuntu.com/ubuntu jammy-updates/main amd64 libx11-xcb1 amd64 2:1.7.5-1ubuntu0.3 [7802 B]
#25 24.60 Get:191 http://archive.ubuntu.com/ubuntu jammy/main amd64 libxcb-dri2-0 amd64 1.14-3ubuntu3 [7206 B]
#25 24.77 Get:192 http://archive.ubuntu.com/ubuntu jammy/main amd64 libxcb-dri3-0 amd64 1.14-3ubuntu3 [6968 B]
#25 24.77 Get:193 http://archive.ubuntu.com/ubuntu jammy/main amd64 libxcb-present0 amd64 1.14-3ubuntu3 [5734 B]
#25 24.77 Get:194 http://archive.ubuntu.com/ubuntu jammy/main amd64 libxcb-sync1 amd64 1.14-3ubuntu3 [9416 B]
#25 24.77 Get:195 http://archive.ubuntu.com/ubuntu jammy/main amd64 libxcb-xfixes0 amd64 1.14-3ubuntu3 [9996 B]
#25 24.77 Get:196 http://archive.ubuntu.com/ubuntu jammy/main amd64 libxshmfence1 amd64 1.3-1build4 [5394 B]
#25 24.77 Get:197 http://archive.ubuntu.com/ubuntu jammy-updates/main amd64 libegl-mesa0 amd64 23.2.1-1ubuntu3.1~22.04.3 [118 kB]
#25 24.93 Get:198 http://archive.ubuntu.com/ubuntu jammy/main amd64 libegl1 amd64 1.4.0-1 [28.6 kB]
#25 24.94 Get:199 http://archive.ubuntu.com/ubuntu jammy/main amd64 libxcb-glx0 amd64 1.14-3ubuntu3 [25.9 kB]
#25 24.94 Get:200 http://archive.ubuntu.com/ubuntu jammy/main amd64 libxcb-shm0 amd64 1.14-3ubuntu3 [5780 B]
#25 24.94 Get:201 http://archive.ubuntu.com/ubuntu jammy/main amd64 libxfixes3 amd64 1:6.0.0-1 [11.7 kB]
#25 25.11 Get:202 http://archive.ubuntu.com/ubuntu jammy/main amd64 libxxf86vm1 amd64 1:1.1.4-1build3 [10.4 kB]
#25 25.40 Get:203 http://archive.ubuntu.com/ubuntu jammy-updates/main amd64 libdrm-amdgpu1 amd64 2.4.113-2~ubuntu0.22.04.1 [19.9 kB]
#25 25.70 Get:204 http://archive.ubuntu.com/ubuntu jammy/main amd64 libpciaccess0 amd64 0.16-3 [19.1 kB]
#25 25.76 Get:205 http://archive.ubuntu.com/ubuntu jammy-updates/main amd64 libdrm-intel1 amd64 2.4.113-2~ubuntu0.22.04.1 [66.7 kB]
#25 25.99 Get:206 http://archive.ubuntu.com/ubuntu jammy-updates/main amd64 libdrm-nouveau2 amd64 2.4.113-2~ubuntu0.22.04.1 [17.5 kB]
#25 26.02 Get:207 http://archive.ubuntu.com/ubuntu jammy-updates/main amd64 libdrm-radeon1 amd64 2.4.113-2~ubuntu0.22.04.1 [21.6 kB]
#25 26.06 Get:208 http://archive.ubuntu.com/ubuntu jammy-updates/main amd64 libllvm15 amd64 1:15.0.7-0ubuntu0.22.04.3 [25.4 MB]
#25 27.75 Get:209 http://archive.ubuntu.com/ubuntu jammy/main amd64 libsensors-config all 1:3.6.0-7ubuntu1 [5274 B]
#25 27.75 Get:210 http://archive.ubuntu.com/ubuntu jammy/main amd64 libsensors5 amd64 1:3.6.0-7ubuntu1 [26.3 kB]
#25 27.75 Get:211 http://archive.ubuntu.com/ubuntu jammy-updates/main amd64 libgl1-mesa-dri amd64 23.2.1-1ubuntu3.1~22.04.3 [8860 kB]
#25 28.16 Get:212 http://archive.ubuntu.com/ubuntu jammy-updates/main amd64 libglx-mesa0 amd64 23.2.1-1ubuntu3.1~22.04.3 [158 kB]
#25 28.17 Get:213 http://archive.ubuntu.com/ubuntu jammy/main amd64 libglx0 amd64 1.4.0-1 [41.0 kB]
#25 28.17 Get:214 http://archive.ubuntu.com/ubuntu jammy/main amd64 libgl1 amd64 1.4.0-1 [110 kB]
#25 28.17 Get:215 http://archive.ubuntu.com/ubuntu jammy-updates/main amd64 liborc-0.4-0 amd64 1:0.4.32-2ubuntu0.1 [228 kB]
#25 28.19 Get:216 http://archive.ubuntu.com/ubuntu jammy-updates/main amd64 libgstreamer-plugins-base1.0-0 amd64 1.20.1-1ubuntu0.5 [848 kB]
#25 28.22 Get:217 http://archive.ubuntu.com/ubuntu jammy/main amd64 libgudev-1.0-0 amd64 1:237-2build1 [16.3 kB]
#25 28.23 Get:218 http://archive.ubuntu.com/ubuntu jammy-updates/main amd64 libwayland-cursor0 amd64 1.20.0-1ubuntu0.1 [10.7 kB]
#25 28.23 Get:219 http://archive.ubuntu.com/ubuntu jammy-updates/main amd64 libwayland-egl1 amd64 1.20.0-1ubuntu0.1 [5582 B]
#25 28.23 Get:220 http://archive.ubuntu.com/ubuntu jammy-updates/main amd64 libgstreamer-gl1.0-0 amd64 1.20.1-1ubuntu0.5 [204 kB]
#25 28.30 Get:221 http://archive.ubuntu.com/ubuntu jammy-updates/main amd64 gir1.2-gst-plugins-base-1.0 amd64 1.20.1-1ubuntu0.5 [109 kB]
#25 28.45 Get:222 http://archive.ubuntu.com/ubuntu jammy/main amd64 libproxy1v5 amd64 0.4.17-2 [51.9 kB]
#25 28.45 Get:223 http://archive.ubuntu.com/ubuntu jammy/main amd64 glib-networking-common all 2.72.0-1 [3718 B]
#25 28.45 Get:224 http://archive.ubuntu.com/ubuntu jammy/main amd64 glib-networking-services amd64 2.72.0-1 [9982 B]
#25 28.45 Get:225 http://archive.ubuntu.com/ubuntu jammy/main amd64 session-migration amd64 0.3.6 [9774 B]
#25 28.46 Get:226 http://archive.ubuntu.com/ubuntu jammy/main amd64 gsettings-desktop-schemas all 42.0-1ubuntu1 [31.1 kB]
#25 28.46 Get:227 http://archive.ubuntu.com/ubuntu jammy/main amd64 glib-networking amd64 2.72.0-1 [69.8 kB]
#25 28.46 Get:228 http://archive.ubuntu.com/ubuntu jammy-updates/main amd64 gnupg-l10n all 2.2.27-3ubuntu2.5 [54.5 kB]
#25 28.47 Get:229 http://archive.ubuntu.com/ubuntu jammy-updates/main amd64 gnupg-utils amd64 2.2.27-3ubuntu2.5 [309 kB]
#25 28.47 Get:230 http://archive.ubuntu.com/ubuntu jammy-updates/main amd64 gpg amd64 2.2.27-3ubuntu2.5 [519 kB]
#25 28.59 Get:231 http://archive.ubuntu.com/ubuntu jammy/main amd64 pinentry-curses amd64 1.1.1-1build2 [34.4 kB]
#25 28.74 Get:232 http://archive.ubuntu.com/ubuntu jammy-updates/main amd64 gpg-agent amd64 2.2.27-3ubuntu2.5 [209 kB]
#25 28.75 Get:233 http://archive.ubuntu.com/ubuntu jammy-updates/main amd64 gpg-wks-client amd64 2.2.27-3ubuntu2.5 [62.7 kB]
#25 28.75 Get:234 http://archive.ubuntu.com/ubuntu jammy-updates/main amd64 gpg-wks-server amd64 2.2.27-3ubuntu2.5 [57.6 kB]
#25 28.75 Get:235 http://archive.ubuntu.com/ubuntu jammy-updates/main amd64 gpgsm amd64 2.2.27-3ubuntu2.5 [197 kB]
#25 28.76 Get:236 http://archive.ubuntu.com/ubuntu jammy-updates/main amd64 gnupg all 2.2.27-3ubuntu2.5 [315 kB]
#25 28.77 Get:237 http://archive.ubuntu.com/ubuntu jammy/universe amd64 gsfonts all 1:8.11+urwcyr1.0.7~pre44-4.5 [3120 kB]
#25 28.92 Get:238 http://archive.ubuntu.com/ubuntu jammy/main amd64 libgraphene-1.0-0 amd64 1.10.8-1 [48.2 kB]
#25 28.92 Get:239 http://archive.ubuntu.com/ubuntu jammy-updates/main amd64 gstreamer1.0-gl amd64 1.20.1-1ubuntu0.5 [125 kB]
#25 28.92 Get:240 http://archive.ubuntu.com/ubuntu jammy/universe amd64 libva2 amd64 2.14.0-1 [65.0 kB]
#25 28.93 Get:241 http://archive.ubuntu.com/ubuntu jammy/universe amd64 libmfx1 amd64 22.3.0-1 [3105 kB]
#25 29.07 Get:242 http://archive.ubuntu.com/ubuntu jammy/universe amd64 libva-drm2 amd64 2.14.0-1 [7502 B]
#25 29.07 Get:243 http://archive.ubuntu.com/ubuntu jammy/universe amd64 libva-x11-2 amd64 2.14.0-1 [12.6 kB]
#25 29.08 Get:244 http://archive.ubuntu.com/ubuntu jammy/main amd64 libvdpau1 amd64 1.4-3build2 [27.0 kB]
#25 29.08 Get:245 http://archive.ubuntu.com/ubuntu jammy/universe amd64 ocl-icd-libopencl1 amd64 2.2.14-3 [39.1 kB]
#25 29.08 Get:246 http://archive.ubuntu.com/ubuntu jammy-updates/universe amd64 libavutil56 amd64 7:4.4.2-0ubuntu0.22.04.1 [290 kB]
#25 29.17 Get:247 http://archive.ubuntu.com/ubuntu jammy-updates/main amd64 libpixman-1-0 amd64 0.40.0-1ubuntu0.22.04.1 [264 kB]
#25 29.18 Get:248 http://archive.ubuntu.com/ubuntu jammy/main amd64 libxcb-render0 amd64 1.14-3ubuntu3 [16.4 kB]
#25 29.18 Get:249 http://archive.ubuntu.com/ubuntu jammy/main amd64 libxrender1 amd64 1:0.9.10-1build4 [19.7 kB]
#25 29.18 Get:250 http://archive.ubuntu.com/ubuntu jammy/main amd64 libcairo2 amd64 1.16.0-5ubuntu2 [628 kB]
#25 29.31 Get:251 http://archive.ubuntu.com/ubuntu jammy/universe amd64 libcodec2-1.0 amd64 1.0.1-3 [8435 kB]
#25 29.68 Get:252 http://archive.ubuntu.com/ubuntu jammy/universe amd64 libgsm1 amd64 1.0.19-1 [27.7 kB]
#25 29.68 Get:253 http://archive.ubuntu.com/ubuntu jammy/main amd64 libmp3lame0 amd64 3.100-3build2 [141 kB]
#25 29.69 Get:254 http://archive.ubuntu.com/ubuntu jammy/main amd64 libopus0 amd64 1.3.1-0.1build2 [203 kB]
#25 29.70 Get:255 http://archive.ubuntu.com/ubuntu jammy/main amd64 libcairo-gobject2 amd64 1.16.0-5ubuntu2 [19.4 kB]
#25 29.70 Get:256 http://archive.ubuntu.com/ubuntu jammy-updates/main amd64 libgdk-pixbuf2.0-common all 2.42.8+dfsg-1ubuntu0.4 [5546 B]
#25 29.70 Get:257 http://archive.ubuntu.com/ubuntu jammy-updates/main amd64 libgdk-pixbuf-2.0-0 amd64 2.42.8+dfsg-1ubuntu0.4 [148 kB]
#25 29.71 Get:258 http://archive.ubuntu.com/ubuntu jammy/main amd64 libgraphite2-3 amd64 1.3.14-1build2 [71.3 kB]
#25 29.71 Get:259 http://archive.ubuntu.com/ubuntu jammy-updates/main amd64 libharfbuzz0b amd64 2.7.4-1ubuntu3.2 [353 kB]
#25 29.72 Get:260 http://archive.ubuntu.com/ubuntu jammy/main amd64 libthai-data all 0.1.29-1build1 [162 kB]
#25 29.83 Get:261 http://archive.ubuntu.com/ubuntu jammy/main amd64 libdatrie1 amd64 0.2.13-2 [19.9 kB]
#25 29.83 Get:262 http://archive.ubuntu.com/ubuntu jammy/main amd64 libthai0 amd64 0.1.29-1build1 [19.2 kB]
#25 29.98 Get:263 http://archive.ubuntu.com/ubuntu jammy-updates/main amd64 libpango-1.0-0 amd64 1.50.6+ds-2ubuntu1 [230 kB]
#25 29.99 Get:264 http://archive.ubuntu.com/ubuntu jammy-updates/main amd64 libpangoft2-1.0-0 amd64 1.50.6+ds-2ubuntu1 [54.0 kB]
#25 29.99 Get:265 http://archive.ubuntu.com/ubuntu jammy-updates/main amd64 libpangocairo-1.0-0 amd64 1.50.6+ds-2ubuntu1 [39.8 kB]
#25 29.99 Get:266 http://archive.ubuntu.com/ubuntu jammy-updates/main amd64 librsvg2-2 amd64 2.52.5+dfsg-3ubuntu0.2 [2974 kB]
#25 30.13 Get:267 http://archive.ubuntu.com/ubuntu jammy/universe amd64 libshine3 amd64 3.1.1-2 [23.2 kB]
#25 30.13 Get:268 http://archive.ubuntu.com/ubuntu jammy/main amd64 libsnappy1v5 amd64 1.1.8-1build3 [17.5 kB]
#25 30.13 Get:269 http://archive.ubuntu.com/ubuntu jammy/main amd64 libspeex1 amd64 1.2~rc1.2-1.1ubuntu3 [57.9 kB]
#25 30.14 Get:270 http://archive.ubuntu.com/ubuntu jammy/main amd64 libsoxr0 amd64 0.1.3-4build2 [79.8 kB]
#25 30.14 Get:271 http://archive.ubuntu.com/ubuntu jammy-updates/universe amd64 libswresample3 amd64 7:4.4.2-0ubuntu0.22.04.1 [62.2 kB]
#25 30.15 Get:272 http://archive.ubuntu.com/ubuntu jammy/main amd64 libogg0 amd64 1.3.5-0ubuntu3 [22.9 kB]
#25 30.26 Get:273 http://archive.ubuntu.com/ubuntu jammy/main amd64 libtheora0 amd64 1.1.1+dfsg.1-15ubuntu4 [209 kB]
#25 30.27 Get:274 http://archive.ubuntu.com/ubuntu jammy/main amd64 libtwolame0 amd64 0.4.0-2build2 [52.5 kB]
#25 30.27 Get:275 http://archive.ubuntu.com/ubuntu jammy/main amd64 libvorbis0a amd64 1.3.7-1build2 [99.2 kB]
#25 30.41 Get:276 http://archive.ubuntu.com/ubuntu jammy/main amd64 libvorbisenc2 amd64 1.3.7-1build2 [82.6 kB]
#25 30.41 Get:277 http://archive.ubuntu.com/ubuntu jammy-updates/main amd64 libvpx7 amd64 1.11.0-2ubuntu2.4 [1078 kB]
#25 30.45 Get:278 http://archive.ubuntu.com/ubuntu jammy/universe amd64 libx264-163 amd64 2:0.163.3060+git5db6aa6-2build1 [591 kB]
#25 30.48 Get:279 http://archive.ubuntu.com/ubuntu jammy/universe amd64 libxvidcore4 amd64 2:1.3.7-1 [201 kB]
#25 30.48 Get:280 http://archive.ubuntu.com/ubuntu jammy/universe amd64 libzvbi-common all 0.2.35-19 [35.5 kB]
#25 30.48 Get:281 http://archive.ubuntu.com/ubuntu jammy/universe amd64 libzvbi0 amd64 0.2.35-19 [262 kB]
#25 30.49 Get:282 http://archive.ubuntu.com/ubuntu jammy-updates/universe amd64 libavcodec58 amd64 7:4.4.2-0ubuntu0.22.04.1 [5567 kB]
#25 30.76 Get:283 http://archive.ubuntu.com/ubuntu jammy/universe amd64 libass9 amd64 1:0.15.2-1 [97.5 kB]
#25 30.76 Get:284 http://archive.ubuntu.com/ubuntu jammy/universe amd64 libudfread0 amd64 1.1.2-1 [16.2 kB]
#25 30.76 Get:285 http://archive.ubuntu.com/ubuntu jammy/universe amd64 libbluray2 amd64 1:1.3.1-1 [159 kB]
#25 30.77 Get:286 http://archive.ubuntu.com/ubuntu jammy/universe amd64 libchromaprint1 amd64 1.5.1-2 [28.4 kB]
#25 30.77 Get:287 http://archive.ubuntu.com/ubuntu jammy/universe amd64 libgme0 amd64 0.6.3-2 [127 kB]
#25 30.77 Get:288 http://archive.ubuntu.com/ubuntu jammy-updates/main amd64 libmpg123-0 amd64 1.29.3-1ubuntu0.1 [172 kB]
#25 30.78 Get:289 http://archive.ubuntu.com/ubuntu jammy/main amd64 libvorbisfile3 amd64 1.3.7-1build2 [17.1 kB]
#25 30.78 Get:290 http://archive.ubuntu.com/ubuntu jammy/universe amd64 libopenmpt0 amd64 0.6.1-1 [592 kB]
#25 30.80 Get:291 http://archive.ubuntu.com/ubuntu jammy/main amd64 librabbitmq4 amd64 0.10.0-1ubuntu2 [39.3 kB]
#25 30.90 Get:292 http://archive.ubuntu.com/ubuntu jammy/universe amd64 libsrt1.4-gnutls amd64 1.4.4-4 [309 kB]
#25 31.05 Get:293 http://archive.ubuntu.com/ubuntu jammy-updates/main amd64 libssh-gcrypt-4 amd64 0.9.6-2ubuntu0.22.04.5 [224 kB]
#25 31.07 Get:294 http://archive.ubuntu.com/ubuntu jammy/universe amd64 libnorm1 amd64 1.5.9+dfsg-2 [221 kB]
#25 31.07 Get:295 http://archive.ubuntu.com/ubuntu jammy/universe amd64 libpgm-5.3-0 amd64 5.3.128~dfsg-2 [161 kB]
#25 31.07 Get:296 http://archive.ubuntu.com/ubuntu jammy-updates/main amd64 libsodium23 amd64 1.0.18-1ubuntu0.22.04.1 [164 kB]
#25 31.08 Get:297 http://archive.ubuntu.com/ubuntu jammy/universe amd64 libzmq5 amd64 4.3.4-2 [256 kB]
#25 31.09 Get:298 http://archive.ubuntu.com/ubuntu jammy-updates/universe amd64 libavformat58 amd64 7:4.4.2-0ubuntu0.22.04.1 [1103 kB]
#25 31.13 Get:299 http://archive.ubuntu.com/ubuntu jammy/universe amd64 libbs2b0 amd64 3.1.0+dfsg-2.2build1 [10.2 kB]
#25 31.13 Get:300 http://archive.ubuntu.com/ubuntu jammy/universe amd64 libflite1 amd64 2.2-3 [13.7 MB]
#25 31.78 Get:301 http://archive.ubuntu.com/ubuntu jammy/universe amd64 libserd-0-0 amd64 0.30.10-2 [40.8 kB]
#25 31.78 Get:302 http://archive.ubuntu.com/ubuntu jammy/universe amd64 libsord-0-0 amd64 0.16.8-2 [21.2 kB]
#25 31.79 Get:303 http://archive.ubuntu.com/ubuntu jammy/universe amd64 libsratom-0-0 amd64 0.6.8-1 [17.0 kB]
#25 32.11 Get:304 http://archive.ubuntu.com/ubuntu jammy/universe amd64 liblilv-0-0 amd64 0.24.12-2 [42.8 kB]
#25 32.50 Get:305 http://archive.ubuntu.com/ubuntu jammy/universe amd64 libmysofa1 amd64 1.2.1~dfsg0-1 [1157 kB]
#25 33.24 Get:306 http://archive.ubuntu.com/ubuntu jammy/main amd64 libblas3 amd64 3.10.0-2ubuntu1 [228 kB]
#25 33.28 Get:307 http://archive.ubuntu.com/ubuntu jammy-updates/main amd64 libgfortran5 amd64 12.3.0-1ubuntu1~22.04.2 [879 kB]
#25 33.38 Get:308 http://archive.ubuntu.com/ubuntu jammy/main amd64 liblapack3 amd64 3.10.0-2ubuntu1 [2504 kB]
#25 33.53 Get:309 http://archive.ubuntu.com/ubuntu jammy/main amd64 libasyncns0 amd64 0.8-6build2 [12.8 kB]
#25 33.53 Get:310 http://archive.ubuntu.com/ubuntu jammy-updates/main amd64 libflac8 amd64 1.3.3-2ubuntu0.2 [111 kB]
#25 33.53 Get:311 http://archive.ubuntu.com/ubuntu jammy-updates/main amd64 libsndfile1 amd64 1.0.31-2ubuntu0.2 [196 kB]
#25 33.54 Get:312 http://archive.ubuntu.com/ubuntu jammy-updates/main amd64 libpulse0 amd64 1:15.99.1+dfsg1-1ubuntu2.2 [298 kB]
#25 33.55 Get:313 http://archive.ubuntu.com/ubuntu jammy/universe amd64 libsphinxbase3 amd64 0.8+5prealpha+1-13build1 [126 kB]
#25 33.56 Get:314 http://archive.ubuntu.com/ubuntu jammy/universe amd64 libpocketsphinx3 amd64 0.8.0+real5prealpha+1-14ubuntu1 [132 kB]
#25 33.56 Get:315 http://archive.ubuntu.com/ubuntu jammy-updates/universe amd64 libpostproc55 amd64 7:4.4.2-0ubuntu0.22.04.1 [60.1 kB]
#25 33.56 Get:316 http://archive.ubuntu.com/ubuntu jammy/main amd64 libsamplerate0 amd64 0.2.2-1build1 [1359 kB]
#25 33.63 Get:317 http://archive.ubuntu.com/ubuntu jammy/universe amd64 librubberband2 amd64 2.0.0-2 [90.0 kB]
#25 33.67 Get:318 http://archive.ubuntu.com/ubuntu jammy-updates/universe amd64 libswscale5 amd64 7:4.4.2-0ubuntu0.22.04.1 [180 kB]
#25 33.68 Get:319 http://archive.ubuntu.com/ubuntu jammy/universe amd64 libvidstab1.1 amd64 1.1.0-2 [35.0 kB]
#25 33.82 Get:320 http://archive.ubuntu.com/ubuntu jammy/universe amd64 libzimg2 amd64 3.0.3+ds1-1 [241 kB]
#25 33.83 Get:321 http://archive.ubuntu.com/ubuntu jammy-updates/universe amd64 libavfilter7 amd64 7:4.4.2-0ubuntu0.22.04.1 [1496 kB]
#25 33.88 Get:322 http://archive.ubuntu.com/ubuntu jammy-updates/universe amd64 gstreamer1.0-libav amd64 1.20.3-0ubuntu1 [103 kB]
#25 33.88 Get:323 http://archive.ubuntu.com/ubuntu jammy/main amd64 libcdparanoia0 amd64 3.10.2+debian-14build2 [49.3 kB]
#25 33.89 Get:324 http://archive.ubuntu.com/ubuntu jammy/main amd64 libvisual-0.4-0 amd64 0.4.0-17build2 [108 kB]
#25 33.89 Get:325 http://archive.ubuntu.com/ubuntu jammy-updates/main amd64 gstreamer1.0-plugins-base amd64 1.20.1-1ubuntu0.5 [712 kB]
#25 33.90 Get:326 http://archive.ubuntu.com/ubuntu jammy/main amd64 libgpm2 amd64 1.20.7-10build1 [15.3 kB]
#25 33.90 Get:327 http://archive.ubuntu.com/ubuntu jammy/main amd64 libaa1 amd64 1.4p5-50build1 [51.9 kB]
#25 33.97 Get:328 http://archive.ubuntu.com/ubuntu jammy/main amd64 libraw1394-11 amd64 2.1.2-2build2 [27.0 kB]
#25 33.97 Get:329 http://archive.ubuntu.com/ubuntu jammy/main amd64 libavc1394-0 amd64 0.5.4-5build2 [17.0 kB]
#25 34.12 Get:330 http://archive.ubuntu.com/ubuntu jammy-updates/main amd64 libcaca0 amd64 0.99.beta19-2.2ubuntu4.1 [224 kB]
#25 34.12 Get:331 http://archive.ubuntu.com/ubuntu jammy/main amd64 libdv4 amd64 1.0.0-14build1 [61.9 kB]
#25 34.13 Get:332 http://archive.ubuntu.com/ubuntu jammy-updates/main amd64 libgstreamer-plugins-good1.0-0 amd64 1.20.3-0ubuntu1.4 [30.2 kB]
#25 34.13 Get:333 http://archive.ubuntu.com/ubuntu jammy/main amd64 libiec61883-0 amd64 1.2.0-4build3 [25.9 kB]
#25 34.13 Get:334 http://archive.ubuntu.com/ubuntu jammy/main amd64 libjack-jackd2-0 amd64 1.9.20~dfsg-1 [293 kB]
#25 34.14 Get:335 http://archive.ubuntu.com/ubuntu jammy/main amd64 libshout3 amd64 2.4.5-1build3 [54.5 kB]
#25 34.14 Get:336 http://archive.ubuntu.com/ubuntu jammy/main amd64 libtag1v5-vanilla amd64 1.11.1+dfsg.1-3ubuntu3 [304 kB]
#25 34.15 Get:337 http://archive.ubuntu.com/ubuntu jammy/main amd64 libtag1v5 amd64 1.11.1+dfsg.1-3ubuntu3 [11.5 kB]
#25 34.25 Get:338 http://archive.ubuntu.com/ubuntu jammy/main amd64 libv4lconvert0 amd64 1.22.1-2build1 [82.4 kB]
#25 34.26 Get:339 http://archive.ubuntu.com/ubuntu jammy/main amd64 libv4l-0 amd64 1.22.1-2build1 [44.9 kB]
#25 34.40 Get:340 http://archive.ubuntu.com/ubuntu jammy/main amd64 libwavpack1 amd64 5.4.0-1build2 [83.7 kB]
#25 34.41 Get:341 http://archive.ubuntu.com/ubuntu jammy/main amd64 libxdamage1 amd64 1:1.1.5-2build2 [7154 B]
#25 34.41 Get:342 http://archive.ubuntu.com/ubuntu jammy-updates/main amd64 libsoup2.4-common all 2.74.2-3ubuntu0.6 [4778 B]
#25 34.41 Get:343 http://archive.ubuntu.com/ubuntu jammy-updates/main amd64 libsoup2.4-1 amd64 2.74.2-3ubuntu0.6 [288 kB]
#25 34.42 Get:344 http://archive.ubuntu.com/ubuntu jammy-updates/main amd64 gstreamer1.0-plugins-good amd64 1.20.3-0ubuntu1.4 [2009 kB]
#25 34.46 Get:345 http://archive.ubuntu.com/ubuntu jammy/universe amd64 liba52-0.7.4 amd64 0.7.4-20 [30.5 kB]
#25 34.46 Get:346 http://archive.ubuntu.com/ubuntu jammy-updates/main amd64 libcdio19 amd64 2.1.0-3ubuntu0.2 [63.6 kB]
#25 34.46 Get:347 http://archive.ubuntu.com/ubuntu jammy/universe amd64 libdvdread8 amd64 6.1.2-1 [55.7 kB]
#25 34.55 Get:348 http://archive.ubuntu.com/ubuntu jammy/universe amd64 libmpeg2-4 amd64 0.5.1-9 [50.7 kB]
#25 34.55 Get:349 http://archive.ubuntu.com/ubuntu jammy/universe amd64 libopencore-amrnb0 amd64 0.1.5-1 [94.8 kB]
#25 34.69 Get:350 http://archive.ubuntu.com/ubuntu jammy/universe amd64 libopencore-amrwb0 amd64 0.1.5-1 [49.1 kB]
#25 34.69 Get:351 http://archive.ubuntu.com/ubuntu jammy/universe amd64 libsidplay1v5 amd64 1.36.60-1 [62.5 kB]
#25 34.70 Get:352 http://archive.ubuntu.com/ubuntu jammy/universe amd64 gstreamer1.0-plugins-ugly amd64 1.20.1-1 [225 kB]
#25 34.71 Get:353 http://archive.ubuntu.com/ubuntu jammy-updates/main amd64 gstreamer1.0-tools amd64 1.20.3-0ubuntu1.1 [67.0 kB]
#25 34.71 Get:354 http://archive.ubuntu.com/ubuntu jammy/main amd64 libxv1 amd64 2:1.0.11-1build2 [11.2 kB]
#25 34.71 Get:355 http://archive.ubuntu.com/ubuntu jammy-updates/main amd64 gstreamer1.0-x amd64 1.20.1-1ubuntu0.5 [85.1 kB]
#25 34.71 Get:356 http://archive.ubuntu.com/ubuntu jammy/universe amd64 libigdgmm12 amd64 22.1.2+ds1-1 [139 kB]
#25 34.71 Get:357 http://archive.ubuntu.com/ubuntu jammy-updates/universe amd64 intel-media-va-driver amd64 22.3.1+dfsg1-1ubuntu2 [2283 kB]
#25 34.84 Get:358 http://archive.ubuntu.com/ubuntu jammy/main amd64 javascript-common all 11+nmu1 [5936 B]
#25 34.84 Get:359 http://archive.ubuntu.com/ubuntu jammy/universe amd64 libaacs0 amd64 0.11.1-1 [64.1 kB]
#25 34.99 Get:360 http://archive.ubuntu.com/ubuntu jammy/main amd64 libalgorithm-diff-perl all 1.201-1 [41.8 kB]
#25 34.99 Get:361 http://archive.ubuntu.com/ubuntu jammy/main amd64 libalgorithm-diff-xs-perl amd64 0.04-6build3 [11.9 kB]
#25 34.99 Get:362 http://archive.ubuntu.com/ubuntu jammy/main amd64 libalgorithm-merge-perl all 0.08-3 [12.0 kB]
#25 34.99 Get:363 http://archive.ubuntu.com/ubuntu jammy/universe amd64 libbdplus0 amd64 0.2.0-1 [52.2 kB]
#25 34.99 Get:364 http://archive.ubuntu.com/ubuntu jammy-updates/main amd64 libxpm4 amd64 1:3.5.12-1ubuntu0.22.04.2 [36.7 kB]
#25 34.99 Get:365 http://archive.ubuntu.com/ubuntu jammy-updates/main amd64 libgd3 amd64 2.3.0-2ubuntu2.3 [129 kB]
#25 34.99 Get:366 http://archive.ubuntu.com/ubuntu jammy-updates/main amd64 libc-devtools amd64 2.35-0ubuntu3.13 [29.0 kB]
#25 35.00 Get:367 http://archive.ubuntu.com/ubuntu jammy/main amd64 librtmp1 amd64 2.4+20151223.gitfa8646d.1-2build4 [58.2 kB]
#25 35.13 Get:368 http://archive.ubuntu.com/ubuntu jammy-updates/main amd64 libssh-4 amd64 0.9.6-2ubuntu0.22.04.5 [187 kB]
#25 35.13 Get:369 http://archive.ubuntu.com/ubuntu jammy-updates/main amd64 libcurl3-gnutls amd64 7.81.0-1ubuntu1.21 [284 kB]
#25 35.27 Get:370 http://archive.ubuntu.com/ubuntu jammy/universe amd64 libdc1394-25 amd64 2.2.6-4 [88.8 kB]
#25 35.30 Get:371 http://archive.ubuntu.com/ubuntu jammy/main amd64 libdecor-0-0 amd64 0.1.0-3build1 [15.1 kB]
#25 35.30 Get:372 http://archive.ubuntu.com/ubuntu jammy/main amd64 libdecor-0-plugin-1-cairo amd64 0.1.0-3build1 [20.4 kB]
#25 35.30 Get:373 http://archive.ubuntu.com/ubuntu jammy-updates/main amd64 libdjvulibre-text all 3.5.28-2ubuntu0.22.04.1 [51.0 kB]
#25 35.30 Get:374 http://archive.ubuntu.com/ubuntu jammy-updates/main amd64 libdjvulibre21 amd64 3.5.28-2ubuntu0.22.04.1 [624 kB]
#25 35.30 Get:375 http://archive.ubuntu.com/ubuntu jammy/universe amd64 libdvdnav4 amd64 6.1.1-1 [39.3 kB]
#25 35.31 Get:376 http://archive.ubuntu.com/ubuntu jammy-updates/main amd64 libexpat1-dev amd64 2.4.7-1ubuntu0.7 [148 kB]
#25 35.31 Get:377 http://archive.ubuntu.com/ubuntu jammy/universe amd64 libfaad2 amd64 2.10.0-2 [197 kB]
#25 35.42 Get:378 http://archive.ubuntu.com/ubuntu jammy/main amd64 libfile-fcntllock-perl amd64 0.22-3build7 [33.9 kB]
#25 35.42 Get:379 http://archive.ubuntu.com/ubuntu jammy/universe amd64 libinstpatch-1.0-2 amd64 1.1.6-1 [240 kB]
#25 35.57 Get:380 http://archive.ubuntu.com/ubuntu jammy/main amd64 libxcursor1 amd64 1:1.2.0-2build4 [20.9 kB]
#25 35.57 Get:381 http://archive.ubuntu.com/ubuntu jammy/main amd64 libxi6 amd64 2:1.8-1build1 [32.6 kB]
#25 35.57 Get:382 http://archive.ubuntu.com/ubuntu jammy/main amd64 libxinerama1 amd64 2:1.1.4-3 [7382 B]
#25 35.57 Get:383 http://archive.ubuntu.com/ubuntu jammy/main amd64 libxkbcommon0 amd64 1.4.0-1 [125 kB]
#25 35.57 Get:384 http://archive.ubuntu.com/ubuntu jammy/main amd64 libxrandr2 amd64 2:1.5.2-1build1 [20.4 kB]
#25 35.58 Get:385 http://archive.ubuntu.com/ubuntu jammy/main amd64 x11-common all 1:7.7+23ubuntu2 [23.4 kB]
#25 35.58 Get:386 http://archive.ubuntu.com/ubuntu jammy/main amd64 libxss1 amd64 1:1.2.3-1build2 [8476 B]
#25 35.58 Get:387 http://archive.ubuntu.com/ubuntu jammy-updates/main amd64 libsdl2-2.0-0 amd64 2.0.20+dfsg-2ubuntu1.22.04.1 [582 kB]
#25 35.71 Get:388 http://archive.ubuntu.com/ubuntu jammy/universe amd64 timgm6mb-soundfont all 1.3-5 [5427 kB]
#25 35.91 Get:389 http://archive.ubuntu.com/ubuntu jammy/universe amd64 libfluidsynth3 amd64 2.2.5-1 [246 kB]
#25 35.91 Get:390 http://archive.ubuntu.com/ubuntu jammy/main amd64 libfontenc1 amd64 1:1.1.4-1build3 [14.7 kB]
#25 35.91 Get:391 http://archive.ubuntu.com/ubuntu jammy/universe amd64 libfreeaptx0 amd64 0.1.1-1 [12.9 kB]
#25 35.91 Get:392 http://archive.ubuntu.com/ubuntu jammy-updates/main amd64 libgdk-pixbuf2.0-bin amd64 2.42.8+dfsg-1ubuntu0.4 [14.1 kB]
#25 35.91 Get:393 http://archive.ubuntu.com/ubuntu jammy-updates/main amd64 libgl1-amber-dri amd64 21.3.9-0ubuntu1~22.04.1 [4218 kB]
#25 36.18 Get:394 http://archive.ubuntu.com/ubuntu jammy/main amd64 libgssdp-1.2-0 amd64 1.4.0.1-2build1 [48.9 kB]
#25 36.18 Get:395 http://archive.ubuntu.com/ubuntu jammy/main amd64 libgupnp-1.2-1 amd64 1.4.3-1 [93.3 kB]
#25 36.18 Get:396 http://archive.ubuntu.com/ubuntu jammy/universe amd64 libgupnp-igd-1.0-4 amd64 1.2.0-1build1 [16.8 kB]
#25 36.18 Get:397 http://archive.ubuntu.com/ubuntu jammy/main amd64 libice6 amd64 2:1.0.10-1build2 [42.6 kB]
#25 36.18 Get:398 http://archive.ubuntu.com/ubuntu jammy/universe amd64 libilmbase25 amd64 2.5.7-2 [175 kB]
#25 36.21 Get:399 http://archive.ubuntu.com/ubuntu jammy/main amd64 libjs-jquery all 3.6.0+dfsg+~3.5.13-1 [321 kB]
#25 36.22 Get:400 http://archive.ubuntu.com/ubuntu jammy/main amd64 libjs-underscore all 1.13.2~dfsg-2 [118 kB]
#25 36.22 Get:401 http://archive.ubuntu.com/ubuntu jammy/main amd64 libjs-sphinxdoc all 4.3.2-1 [139 kB]
#25 36.22 Get:402 http://archive.ubuntu.com/ubuntu jammy/main amd64 libjson-glib-1.0-common all 1.6.6-1build1 [4432 B]
#25 36.35 Get:403 http://archive.ubuntu.com/ubuntu jammy/main amd64 libjson-glib-1.0-0 amd64 1.6.6-1build1 [69.9 kB]
#25 36.36 Get:404 http://archive.ubuntu.com/ubuntu jammy/universe amd64 libjxr0 amd64 1.2~git20170615.f752187-5 [174 kB]
#25 36.50 Get:405 http://archive.ubuntu.com/ubuntu jammy/universe amd64 libjxr-tools amd64 1.2~git20170615.f752187-5 [16.0 kB]
#25 36.65 Get:406 http://archive.ubuntu.com/ubuntu jammy/universe amd64 libkate1 amd64 0.4.1-11build1 [39.4 kB]
#25 36.74 Get:407 http://archive.ubuntu.com/ubuntu jammy/universe amd64 libldacbt-enc2 amd64 2.0.2.3+git20200429+ed310a0-4 [24.6 kB]
#25 36.78 Get:408 http://archive.ubuntu.com/ubuntu jammy-updates/main amd64 libldap-common all 2.5.20+dfsg-0ubuntu0.22.04.1 [16.4 kB]
#25 36.80 Get:409 http://archive.ubuntu.com/ubuntu jammy/universe amd64 libltc11 amd64 1.3.1-1 [12.3 kB]
#25 36.81 Get:410 http://archive.ubuntu.com/ubuntu jammy/universe amd64 libopenexr25 amd64 2.5.7-1 [780 kB]
#25 37.04 Get:411 http://archive.ubuntu.com/ubuntu jammy/main amd64 libwmflite-0.2-7 amd64 0.2.12-5ubuntu1 [68.9 kB]
#25 37.05 Get:412 http://archive.ubuntu.com/ubuntu jammy-updates/universe amd64 libmagickcore-6.q16-6-extra amd64 8:6.9.11.60+dfsg-1.3ubuntu0.22.04.5 [70.1 kB]
#25 37.06 Get:413 http://archive.ubuntu.com/ubuntu jammy/universe amd64 libmjpegutils-2.1-0 amd64 1:2.1.0+debian-6build1 [24.1 kB]
#25 37.06 Get:414 http://archive.ubuntu.com/ubuntu jammy/universe amd64 libmodplug1 amd64 1:0.8.9.0-3 [153 kB]
#25 37.07 Get:415 http://archive.ubuntu.com/ubuntu jammy/universe amd64 libmpcdec6 amd64 2:0.1~r495-2 [32.4 kB]
#25 37.07 Get:416 http://archive.ubuntu.com/ubuntu jammy/universe amd64 libmpeg2encpp-2.1-0 amd64 1:2.1.0+debian-6build1 [69.4 kB]
#25 37.08 Get:417 http://archive.ubuntu.com/ubuntu jammy/universe amd64 libmplex2-2.1-0 amd64 1:2.1.0+debian-6build1 [44.4 kB]
#25 37.08 Get:418 http://archive.ubuntu.com/ubuntu jammy/universe amd64 libnice10 amd64 0.1.18-2 [156 kB]
#25 37.10 Get:419 http://archive.ubuntu.com/ubuntu jammy-updates/main amd64 libnspr4 amd64 2:4.35-0ubuntu0.22.04.1 [119 kB]
#25 37.11 Get:420 http://archive.ubuntu.com/ubuntu jammy-updates/main amd64 libnss3 amd64 2:3.98-0ubuntu0.22.04.2 [1347 kB]
#25 37.21 Get:421 http://archive.ubuntu.com/ubuntu jammy/universe amd64 libopenal-data all 1:1.19.1-2build3 [164 kB]
#25 37.21 Get:422 http://archive.ubuntu.com/ubuntu jammy/universe amd64 libopenh264-6 amd64 2.2.0+dfsg-2 [407 kB]
#25 37.21 Get:423 http://archive.ubuntu.com/ubuntu jammy/universe amd64 libopenni2-0 amd64 2.2.0.33+dfsg-15 [389 kB]
#25 37.23 Get:424 http://archive.ubuntu.com/ubuntu jammy/main amd64 libpaper-utils amd64 1.1.28build2 [8674 B]
#25 37.23 Get:425 http://archive.ubuntu.com/ubuntu jammy-updates/main amd64 libpython3.10 amd64 3.10.12-1~22.04.14 [1949 kB]
#25 37.28 Get:426 http://archive.ubuntu.com/ubuntu jammy-updates/main amd64 zlib1g-dev amd64 1:1.2.11.dfsg-2ubuntu9.2 [164 kB]
#25 37.29 Get:427 http://archive.ubuntu.com/ubuntu jammy-updates/main amd64 libpython3.10-dev amd64 3.10.12-1~22.04.14 [4765 kB]
#25 37.40 Get:428 http://archive.ubuntu.com/ubuntu jammy-updates/main amd64 libpython3-dev amd64 3.10.6-1~22.04.1 [7064 B]
#25 37.40 Get:429 http://archive.ubuntu.com/ubuntu jammy/universe amd64 libqrencode4 amd64 4.1.1-1 [24.0 kB]
#25 37.40 Get:430 http://archive.ubuntu.com/ubuntu jammy-updates/main amd64 librsvg2-common amd64 2.52.5+dfsg-3ubuntu0.2 [17.7 kB]
#25 37.40 Get:431 http://archive.ubuntu.com/ubuntu jammy-updates/main amd64 libsasl2-modules amd64 2.1.27+dfsg2-3ubuntu1.2 [68.8 kB]
#25 37.40 Get:432 http://archive.ubuntu.com/ubuntu jammy/main amd64 libsm6 amd64 2:1.2.3-1build2 [16.7 kB]
#25 37.40 Get:433 http://archive.ubuntu.com/ubuntu jammy/universe amd64 libsndio7.0 amd64 1.8.1-1.1 [29.3 kB]
#25 37.40 Get:434 http://archive.ubuntu.com/ubuntu jammy/universe amd64 libsoundtouch1 amd64 2.3.1+ds1-1 [38.3 kB]
#25 37.42 Get:435 http://archive.ubuntu.com/ubuntu jammy/universe amd64 libspandsp2 amd64 0.0.6+dfsg-2 [272 kB]
#25 37.43 Get:436 http://archive.ubuntu.com/ubuntu jammy/universe amd64 libsrtp2-1 amd64 2.4.2-2 [40.7 kB]
#25 37.52 Get:437 http://archive.ubuntu.com/ubuntu jammy/main amd64 libutempter0 amd64 1.2.1-2build2 [8848 B]
#25 37.53 Get:438 http://archive.ubuntu.com/ubuntu jammy/main amd64 libwebrtc-audio-processing1 amd64 0.3.1-0ubuntu5 [291 kB]
#25 37.53 Get:439 http://archive.ubuntu.com/ubuntu jammy/universe amd64 libwildmidi2 amd64 0.4.3-1 [59.9 kB]
#25 37.53 Get:440 http://archive.ubuntu.com/ubuntu jammy/main amd64 libxt6 amd64 1:1.2.1-1 [177 kB]
#25 37.53 Get:441 http://archive.ubuntu.com/ubuntu jammy/main amd64 libxmu6 amd64 2:1.1.3-3 [49.6 kB]
#25 37.53 Get:442 http://archive.ubuntu.com/ubuntu jammy/main amd64 libxaw7 amd64 2:1.0.14-1 [191 kB]
#25 37.53 Get:443 http://archive.ubuntu.com/ubuntu jammy/main amd64 libxcb-shape0 amd64 1.14-3ubuntu3 [6158 B]
#25 37.54 Get:444 http://archive.ubuntu.com/ubuntu jammy/main amd64 libxcomposite1 amd64 1:0.4.5-1build2 [7192 B]
#25 37.57 Get:445 http://archive.ubuntu.com/ubuntu jammy/main amd64 libxfont2 amd64 1:2.0.5-1build1 [94.5 kB]
#25 37.57 Get:446 http://archive.ubuntu.com/ubuntu jammy/main amd64 libxft2 amd64 2.3.4-1 [41.8 kB]
#25 37.64 Get:447 http://archive.ubuntu.com/ubuntu jammy/main amd64 libxkbfile1 amd64 1:1.1.0-1build3 [71.8 kB]
#25 37.64 Get:448 http://archive.ubuntu.com/ubuntu jammy/main amd64 libxtst6 amd64 2:1.2.3-1build4 [13.4 kB]
#25 37.64 Get:449 http://archive.ubuntu.com/ubuntu jammy/main amd64 libxxf86dga1 amd64 2:1.1.5-0ubuntu3 [12.6 kB]
#25 37.64 Get:450 http://archive.ubuntu.com/ubuntu jammy/universe amd64 libzbar0 amd64 0.23.92-4build2 [121 kB]
#25 37.64 Get:451 http://archive.ubuntu.com/ubuntu jammy/universe amd64 libzxingcore1 amd64 1.2.0-1 [619 kB]
#25 37.66 Get:452 http://archive.ubuntu.com/ubuntu jammy/main amd64 manpages-dev all 5.10-1ubuntu1 [2309 kB]
#25 37.72 Get:453 http://archive.ubuntu.com/ubuntu jammy/main amd64 libgles2 amd64 1.4.0-1 [18.0 kB]
#25 37.72 Get:454 http://archive.ubuntu.com/ubuntu jammy/universe amd64 mesa-utils-bin amd64 8.4.0-1ubuntu1 [53.8 kB]
#25 37.72 Get:455 http://archive.ubuntu.com/ubuntu jammy-updates/universe amd64 mesa-va-drivers amd64 23.2.1-1ubuntu3.1~22.04.3 [4100 kB]
#25 37.86 Get:456 http://archive.ubuntu.com/ubuntu jammy-updates/main amd64 mesa-vdpau-drivers amd64 23.2.1-1ubuntu3.1~22.04.3 [3820 kB]
#25 37.95 Get:457 http://archive.ubuntu.com/ubuntu jammy-updates/main amd64 python3.10-dev amd64 3.10.12-1~22.04.14 [508 kB]
#25 37.96 Get:458 http://archive.ubuntu.com/ubuntu jammy-updates/main amd64 python3-lib2to3 all 3.10.8-1~22.04 [77.6 kB]
#25 37.96 Get:459 http://archive.ubuntu.com/ubuntu jammy-updates/main amd64 python3-distutils all 3.10.8-1~22.04 [139 kB]
#25 37.97 Get:460 http://archive.ubuntu.com/ubuntu jammy-updates/main amd64 python3-dev amd64 3.10.6-1~22.04.1 [26.0 kB]
#25 37.97 Get:461 http://archive.ubuntu.com/ubuntu jammy-updates/main amd64 python3-setuptools all 59.6.0-1.2ubuntu0.22.04.3 [340 kB]
#25 37.98 Get:462 http://archive.ubuntu.com/ubuntu jammy-updates/universe amd64 python3-wheel all 0.37.1-2ubuntu0.22.04.1 [32.0 kB]
#25 37.98 Get:463 http://archive.ubuntu.com/ubuntu jammy-updates/universe amd64 python3-pip all 22.0.2+dfsg-1ubuntu0.7 [1306 kB]
#25 38.01 Get:464 http://archive.ubuntu.com/ubuntu jammy/universe amd64 i965-va-driver amd64 2.4.1+dfsg1-1 [302 kB]
#25 38.02 Get:465 http://archive.ubuntu.com/ubuntu jammy/universe amd64 va-driver-all amd64 2.14.0-1 [3984 B]
#25 38.03 Get:466 http://archive.ubuntu.com/ubuntu jammy/main amd64 vdpau-driver-all amd64 1.4-3build2 [4510 B]
#25 38.10 Get:467 http://archive.ubuntu.com/ubuntu jammy/main amd64 x11-utils amd64 7.7+5build2 [206 kB]
#25 38.11 Get:468 http://archive.ubuntu.com/ubuntu jammy/main amd64 x11-xkb-utils amd64 7.7+5build4 [172 kB]
#25 38.12 Get:469 http://archive.ubuntu.com/ubuntu jammy/main amd64 x11-xserver-utils amd64 7.7+9build1 [170 kB]
#25 38.12 Get:470 http://archive.ubuntu.com/ubuntu jammy/main amd64 xbitmaps all 1.1.1-2.1ubuntu1 [23.4 kB]
#25 38.12 Get:471 http://archive.ubuntu.com/ubuntu jammy/main amd64 xfonts-encodings all 1:1.0.5-0ubuntu2 [578 kB]
#25 38.14 Get:472 http://archive.ubuntu.com/ubuntu jammy/main amd64 xfonts-utils amd64 1:7.7+6build2 [94.6 kB]
#25 38.14 Get:473 http://archive.ubuntu.com/ubuntu jammy/main amd64 xfonts-base all 1:1.0.5 [5896 kB]
#25 38.27 Get:474 http://archive.ubuntu.com/ubuntu jammy-updates/main amd64 xserver-common all 2:21.1.4-2ubuntu1.7~22.04.16 [29.5 kB]
#25 38.28 Get:475 http://archive.ubuntu.com/ubuntu jammy/universe amd64 xterm amd64 372-1ubuntu1 [857 kB]
#25 38.30 Get:476 http://archive.ubuntu.com/ubuntu jammy-updates/universe amd64 xvfb amd64 2:21.1.4-2ubuntu1.7~22.04.16 [866 kB]
#25 38.32 Get:477 http://archive.ubuntu.com/ubuntu jammy-updates/universe amd64 libgstreamer-plugins-bad1.0-0 amd64 1.20.3-0ubuntu1.1 [489 kB]
#25 38.33 Get:478 http://archive.ubuntu.com/ubuntu jammy-updates/universe amd64 gir1.2-gst-plugins-bad-1.0 amd64 1.20.3-0ubuntu1.1 [57.8 kB]
#25 38.33 Get:479 http://archive.ubuntu.com/ubuntu jammy/universe amd64 libdca0 amd64 0.0.7-2 [88.2 kB]
#25 38.33 Get:480 http://archive.ubuntu.com/ubuntu jammy/universe amd64 libopenal1 amd64 1:1.19.1-2build3 [535 kB]
#25 38.34 Get:481 http://archive.ubuntu.com/ubuntu jammy/main amd64 libsbc1 amd64 1.5-3build2 [34.4 kB]
#25 38.35 Get:482 http://archive.ubuntu.com/ubuntu jammy/universe amd64 libvo-aacenc0 amd64 0.1.3-2 [69.4 kB]
#25 38.46 Get:483 http://archive.ubuntu.com/ubuntu jammy/universe amd64 libvo-amrwbenc0 amd64 0.1.3-2 [68.2 kB]
#25 38.46 Get:484 http://archive.ubuntu.com/ubuntu jammy-updates/universe amd64 gstreamer1.0-plugins-bad amd64 1.20.3-0ubuntu1.1 [2602 kB]
#25 38.52 Get:485 http://archive.ubuntu.com/ubuntu jammy/universe amd64 mesa-utils amd64 8.4.0-1ubuntu1 [1065 kB]
#25 38.54 Get:486 http://archive.ubuntu.com/ubuntu jammy/universe amd64 pocketsphinx-en-us all 0.8.0+real5prealpha+1-14ubuntu1 [27.6 MB]
#25 39.56 debconf: delaying package configuration, since apt-utils is not installed
#25 39.66 Fetched 322 MB in 27s (11.9 MB/s)
#25 39.73 Selecting previously unselected package liblocale-gettext-perl.
#25 39.73 (Reading database ... (Reading database ... 5%(Reading database ... 10%(Reading database ... 15%(Reading database ... 20%(Reading database ... 25%(Reading database ... 30%(Reading database ... 35%(Reading database ... 40%(Reading database ... 45%(Reading database ... 50%(Reading database ... 55%(Reading database ... 60%(Reading database ... 65%(Reading database ... 70%(Reading database ... 75%(Reading database ... 80%(Reading database ... 85%(Reading database ... 90%(Reading database ... 95%(Reading database ... 100%(Reading database ... 4393 files and directories currently installed.)
#25 39.74 Preparing to unpack .../liblocale-gettext-perl_1.07-4build3_amd64.deb ...
#25 39.75 Unpacking liblocale-gettext-perl (1.07-4build3) ...
#25 39.89 Selecting previously unselected package libpython3.10-minimal:amd64.
#25 39.89 Preparing to unpack .../libpython3.10-minimal_3.10.12-1~22.04.14_amd64.deb ...
#25 39.91 Unpacking libpython3.10-minimal:amd64 (3.10.12-1~22.04.14) ...
#25 40.20 Selecting previously unselected package libexpat1:amd64.
#25 40.20 Preparing to unpack .../libexpat1_2.4.7-1ubuntu0.7_amd64.deb ...
#25 40.22 Unpacking libexpat1:amd64 (2.4.7-1ubuntu0.7) ...
#25 40.36 Selecting previously unselected package python3.10-minimal.
#25 40.36 Preparing to unpack .../python3.10-minimal_3.10.12-1~22.04.14_amd64.deb ...
#25 40.41 Unpacking python3.10-minimal (3.10.12-1~22.04.14) ...
#25 40.62 Setting up libpython3.10-minimal:amd64 (3.10.12-1~22.04.14) ...
#25 40.68 Setting up libexpat1:amd64 (2.4.7-1ubuntu0.7) ...
#25 40.72 Setting up python3.10-minimal (3.10.12-1~22.04.14) ...
#25 41.86 Selecting previously unselected package python3-minimal.
#25 41.86 (Reading database ... (Reading database ... 5%(Reading database ... 10%(Reading database ... 15%(Reading database ... 20%(Reading database ... 25%(Reading database ... 30%(Reading database ... 35%(Reading database ... 40%(Reading database ... 45%(Reading database ... 50%(Reading database ... 55%(Reading database ... 60%(Reading database ... 65%(Reading database ... 70%(Reading database ... 75%(Reading database ... 80%(Reading database ... 85%(Reading database ... 90%(Reading database ... 95%(Reading database ... 100%(Reading database ... 4711 files and directories currently installed.)
#25 41.88 Preparing to unpack .../0-python3-minimal_3.10.6-1~22.04.1_amd64.deb ...
#25 41.89 Unpacking python3-minimal (3.10.6-1~22.04.1) ...
#25 42.02 Selecting previously unselected package media-types.
#25 42.02 Preparing to unpack .../1-media-types_7.0.0_all.deb ...
#25 42.03 Unpacking media-types (7.0.0) ...
#25 42.18 Selecting previously unselected package libmpdec3:amd64.
#25 42.18 Preparing to unpack .../2-libmpdec3_2.5.1-2build2_amd64.deb ...
#25 42.19 Unpacking libmpdec3:amd64 (2.5.1-2build2) ...
#25 42.30 Selecting previously unselected package readline-common.
#25 42.30 Preparing to unpack .../3-readline-common_8.1.2-1_all.deb ...
#25 42.32 Unpacking readline-common (8.1.2-1) ...
#25 42.46 Selecting previously unselected package libreadline8:amd64.
#25 42.46 Preparing to unpack .../4-libreadline8_8.1.2-1_amd64.deb ...
#25 42.47 Unpacking libreadline8:amd64 (8.1.2-1) ...
#25 42.63 Selecting previously unselected package libsqlite3-0:amd64.
#25 42.63 Preparing to unpack .../5-libsqlite3-0_3.37.2-2ubuntu0.5_amd64.deb ...
#25 42.65 Unpacking libsqlite3-0:amd64 (3.37.2-2ubuntu0.5) ...
#25 42.77 Selecting previously unselected package libpython3.10-stdlib:amd64.
#25 42.77 Preparing to unpack .../6-libpython3.10-stdlib_3.10.12-1~22.04.14_amd64.deb ...
#25 42.79 Unpacking libpython3.10-stdlib:amd64 (3.10.12-1~22.04.14) ...
#25 43.13 Selecting previously unselected package python3.10.
#25 43.13 Preparing to unpack .../7-python3.10_3.10.12-1~22.04.14_amd64.deb ...
#25 43.14 Unpacking python3.10 (3.10.12-1~22.04.14) ...
#25 43.29 Selecting previously unselected package libpython3-stdlib:amd64.
#25 43.29 Preparing to unpack .../8-libpython3-stdlib_3.10.6-1~22.04.1_amd64.deb ...
#25 43.30 Unpacking libpython3-stdlib:amd64 (3.10.6-1~22.04.1) ...
#25 43.43 Setting up python3-minimal (3.10.6-1~22.04.1) ...
#25 43.92 Selecting previously unselected package python3.
#25 43.92 (Reading database ... (Reading database ... 5%(Reading database ... 10%(Reading database ... 15%(Reading database ... 20%(Reading database ... 25%(Reading database ... 30%(Reading database ... 35%(Reading database ... 40%(Reading database ... 45%(Reading database ... 50%(Reading database ... 55%(Reading database ... 60%(Reading database ... 65%(Reading database ... 70%(Reading database ... 75%(Reading database ... 80%(Reading database ... 85%(Reading database ... 90%(Reading database ... 95%(Reading database ... 100%(Reading database ... 5141 files and directories currently installed.)
#25 43.93 Preparing to unpack .../0-python3_3.10.6-1~22.04.1_amd64.deb ...
#25 43.97 Unpacking python3 (3.10.6-1~22.04.1) ...
#25 44.09 Selecting previously unselected package libapparmor1:amd64.
#25 44.09 Preparing to unpack .../1-libapparmor1_3.0.4-2ubuntu2.5_amd64.deb ...
#25 44.11 Unpacking libapparmor1:amd64 (3.0.4-2ubuntu2.5) ...
#25 44.22 Selecting previously unselected package libargon2-1:amd64.
#25 44.22 Preparing to unpack .../2-libargon2-1_0~20171227-0.3_amd64.deb ...
#25 44.23 Unpacking libargon2-1:amd64 (0~20171227-0.3) ...
#25 44.35 Selecting previously unselected package libdevmapper1.02.1:amd64.
#25 44.35 Preparing to unpack .../3-libdevmapper1.02.1_2%3a1.02.175-2.1ubuntu5_amd64.deb ...
#25 44.36 Unpacking libdevmapper1.02.1:amd64 (2:1.02.175-2.1ubuntu5) ...
#25 44.48 Selecting previously unselected package libjson-c5:amd64.
#25 44.48 Preparing to unpack .../4-libjson-c5_0.15-3~ubuntu1.22.04.2_amd64.deb ...
#25 44.50 Unpacking libjson-c5:amd64 (0.15-3~ubuntu1.22.04.2) ...
#25 44.63 Selecting previously unselected package libcryptsetup12:amd64.
#25 44.63 Preparing to unpack .../5-libcryptsetup12_2%3a2.4.3-1ubuntu1.3_amd64.deb ...
#25 44.64 Unpacking libcryptsetup12:amd64 (2:2.4.3-1ubuntu1.3) ...
#25 44.77 Selecting previously unselected package libip4tc2:amd64.
#25 44.77 Preparing to unpack .../6-libip4tc2_1.8.7-1ubuntu5.2_amd64.deb ...
#25 44.79 Unpacking libip4tc2:amd64 (1.8.7-1ubuntu5.2) ...
#25 44.91 Selecting previously unselected package libkmod2:amd64.
#25 44.91 Preparing to unpack .../7-libkmod2_29-1ubuntu1_amd64.deb ...
#25 44.92 Unpacking libkmod2:amd64 (29-1ubuntu1) ...
#25 45.09 Selecting previously unselected package systemd.
#25 45.09 Preparing to unpack .../8-systemd_249.11-0ubuntu3.17_amd64.deb ...
#25 45.19 Unpacking systemd (249.11-0ubuntu3.17) ...
#25 45.73 Setting up libapparmor1:amd64 (3.0.4-2ubuntu2.5) ...
#25 45.77 Setting up libargon2-1:amd64 (0~20171227-0.3) ...
#25 45.82 Setting up libdevmapper1.02.1:amd64 (2:1.02.175-2.1ubuntu5) ...
#25 45.85 Setting up libjson-c5:amd64 (0.15-3~ubuntu1.22.04.2) ...
#25 45.89 Setting up libcryptsetup12:amd64 (2:2.4.3-1ubuntu1.3) ...
#25 45.93 Setting up libip4tc2:amd64 (1.8.7-1ubuntu5.2) ...
#25 45.97 Setting up libkmod2:amd64 (29-1ubuntu1) ...
#25 46.01 Setting up systemd (249.11-0ubuntu3.17) ...
#25 46.20 Created symlink /etc/systemd/system/getty.target.wants/getty@tty1.service → /lib/systemd/system/getty@.service.
#25 46.22 Created symlink /etc/systemd/system/multi-user.target.wants/remote-fs.target → /lib/systemd/system/remote-fs.target.
#25 46.25 Created symlink /etc/systemd/system/dbus-org.freedesktop.resolve1.service → /lib/systemd/system/systemd-resolved.service.
#25 46.25 Created symlink /etc/systemd/system/multi-user.target.wants/systemd-resolved.service → /lib/systemd/system/systemd-resolved.service.
#25 46.26 ln: failed to create symbolic link '/etc/resolv.conf': Device or resource busy
#25 46.27 Created symlink /etc/systemd/system/sysinit.target.wants/systemd-pstore.service → /lib/systemd/system/systemd-pstore.service.
#25 46.28 Initializing machine ID from random generator.
#25 47.39 Selecting previously unselected package systemd-sysv.
#25 47.39 (Reading database ... (Reading database ... 5%(Reading database ... 10%(Reading database ... 15%(Reading database ... 20%(Reading database ... 25%(Reading database ... 30%(Reading database ... 35%(Reading database ... 40%(Reading database ... 45%(Reading database ... 50%(Reading database ... 55%(Reading database ... 60%(Reading database ... 65%(Reading database ... 70%(Reading database ... 75%(Reading database ... 80%(Reading database ... 85%(Reading database ... 90%(Reading database ... 95%(Reading database ... 100%(Reading database ... 5980 files and directories currently installed.)
#25 47.41 Preparing to unpack .../000-systemd-sysv_249.11-0ubuntu3.17_amd64.deb ...
#25 47.42 Unpacking systemd-sysv (249.11-0ubuntu3.17) ...
#25 47.56 Selecting previously unselected package fonts-droid-fallback.
#25 47.57 Preparing to unpack .../001-fonts-droid-fallback_1%3a6.0.1r16-1.1build1_all.deb ...
#25 47.68 Unpacking fonts-droid-fallback (1:6.0.1r16-1.1build1) ...
#25 48.01 Selecting previously unselected package libgomp1:amd64.
#25 48.01 Preparing to unpack .../002-libgomp1_12.3.0-1ubuntu1~22.04.2_amd64.deb ...
#25 48.02 Unpacking libgomp1:amd64 (12.3.0-1ubuntu1~22.04.2) ...
#25 48.15 Selecting previously unselected package libfftw3-double3:amd64.
#25 48.15 Preparing to unpack .../003-libfftw3-double3_3.3.8-2ubuntu8_amd64.deb ...
#25 48.17 Unpacking libfftw3-double3:amd64 (3.3.8-2ubuntu8) ...
#25 48.38 Selecting previously unselected package libbrotli1:amd64.
#25 48.38 Preparing to unpack .../004-libbrotli1_1.0.9-2build6_amd64.deb ...
#25 48.39 Unpacking libbrotli1:amd64 (1.0.9-2build6) ...
#25 48.52 Selecting previously unselected package libpng16-16:amd64.
#25 48.52 Preparing to unpack .../005-libpng16-16_1.6.37-3ubuntu0.4_amd64.deb ...
#25 48.54 Unpacking libpng16-16:amd64 (1.6.37-3ubuntu0.4) ...
#25 48.66 Selecting previously unselected package libfreetype6:amd64.
#25 48.66 Preparing to unpack .../006-libfreetype6_2.11.1+dfsg-1ubuntu0.3_amd64.deb ...
#25 48.68 Unpacking libfreetype6:amd64 (2.11.1+dfsg-1ubuntu0.3) ...
#25 48.84 Selecting previously unselected package ucf.
#25 48.84 Preparing to unpack .../007-ucf_3.0043_all.deb ...
#25 48.87 Moving old data out of the way
#25 48.89 Unpacking ucf (3.0043) ...
#25 49.01 Selecting previously unselected package fonts-dejavu-core.
#25 49.01 Preparing to unpack .../008-fonts-dejavu-core_2.37-2build1_all.deb ...
#25 49.02 Unpacking fonts-dejavu-core (2.37-2build1) ...
#25 49.30 Selecting previously unselected package fonts-urw-base35.
#25 49.30 Preparing to unpack .../009-fonts-urw-base35_20200910-1_all.deb ...
#25 49.49 Unpacking fonts-urw-base35 (20200910-1) ...
#25 50.14 Selecting previously unselected package fontconfig-config.
#25 50.14 Preparing to unpack .../010-fontconfig-config_2.13.1-4.2ubuntu5_all.deb ...
#25 50.16 Unpacking fontconfig-config (2.13.1-4.2ubuntu5) ...
#25 50.32 Selecting previously unselected package libfontconfig1:amd64.
#25 50.32 Preparing to unpack .../011-libfontconfig1_2.13.1-4.2ubuntu5_amd64.deb ...
#25 50.34 Unpacking libfontconfig1:amd64 (2.13.1-4.2ubuntu5) ...
#25 50.46 Selecting previously unselected package libaom3:amd64.
#25 50.46 Preparing to unpack .../012-libaom3_3.3.0-1ubuntu0.1_amd64.deb ...
#25 50.48 Unpacking libaom3:amd64 (3.3.0-1ubuntu0.1) ...
#25 50.63 Selecting previously unselected package libdav1d5:amd64.
#25 50.64 Preparing to unpack .../013-libdav1d5_0.9.2-1_amd64.deb ...
#25 50.65 Unpacking libdav1d5:amd64 (0.9.2-1) ...
#25 50.83 Selecting previously unselected package libde265-0:amd64.
#25 50.83 Preparing to unpack .../014-libde265-0_1.0.8-1ubuntu0.3_amd64.deb ...
#25 50.84 Unpacking libde265-0:amd64 (1.0.8-1ubuntu0.3) ...
#25 50.97 Selecting previously unselected package libnuma1:amd64.
#25 50.97 Preparing to unpack .../015-libnuma1_2.0.14-3ubuntu2_amd64.deb ...
#25 50.98 Unpacking libnuma1:amd64 (2.0.14-3ubuntu2) ...
#25 51.11 Selecting previously unselected package libx265-199:amd64.
#25 51.12 Preparing to unpack .../016-libx265-199_3.5-2_amd64.deb ...
#25 51.13 Unpacking libx265-199:amd64 (3.5-2) ...
#25 51.49 Selecting previously unselected package libheif1:amd64.
#25 51.49 Preparing to unpack .../017-libheif1_1.12.0-2build1_amd64.deb ...
#25 51.51 Unpacking libheif1:amd64 (1.12.0-2build1) ...
#25 51.63 Selecting previously unselected package libjbig0:amd64.
#25 51.63 Preparing to unpack .../018-libjbig0_2.1-3.1ubuntu0.22.04.1_amd64.deb ...
#25 51.65 Unpacking libjbig0:amd64 (2.1-3.1ubuntu0.22.04.1) ...
#25 51.75 Selecting previously unselected package libjpeg-turbo8:amd64.
#25 51.75 Preparing to unpack .../019-libjpeg-turbo8_2.1.2-0ubuntu1_amd64.deb ...
#25 51.77 Unpacking libjpeg-turbo8:amd64 (2.1.2-0ubuntu1) ...
#25 51.88 Selecting previously unselected package libjpeg8:amd64.
#25 51.88 Preparing to unpack .../020-libjpeg8_8c-2ubuntu10_amd64.deb ...
#25 51.89 Unpacking libjpeg8:amd64 (8c-2ubuntu10) ...
#25 52.00 Selecting previously unselected package liblcms2-2:amd64.
#25 52.01 Preparing to unpack .../021-liblcms2-2_2.12~rc1-2build2_amd64.deb ...
#25 52.02 Unpacking liblcms2-2:amd64 (2.12~rc1-2build2) ...
#25 52.16 Selecting previously unselected package libglib2.0-0:amd64.
#25 52.16 Preparing to unpack .../022-libglib2.0-0_2.72.4-0ubuntu2.9_amd64.deb ...
#25 52.17 Unpacking libglib2.0-0:amd64 (2.72.4-0ubuntu2.9) ...
#25 52.35 Selecting previously unselected package liblqr-1-0:amd64.
#25 52.35 Preparing to unpack .../023-liblqr-1-0_0.4.2-2.1_amd64.deb ...
#25 52.37 Unpacking liblqr-1-0:amd64 (0.4.2-2.1) ...
#25 52.49 Selecting previously unselected package libltdl7:amd64.
#25 52.49 Preparing to unpack .../024-libltdl7_2.4.6-15build2_amd64.deb ...
#25 52.50 Unpacking libltdl7:amd64 (2.4.6-15build2) ...
#25 52.62 Selecting previously unselected package libopenjp2-7:amd64.
#25 52.62 Preparing to unpack .../025-libopenjp2-7_2.4.0-6ubuntu0.4_amd64.deb ...
#25 52.64 Unpacking libopenjp2-7:amd64 (2.4.0-6ubuntu0.4) ...
#25 52.77 Selecting previously unselected package libdeflate0:amd64.
#25 52.77 Preparing to unpack .../026-libdeflate0_1.10-2_amd64.deb ...
#25 52.79 Unpacking libdeflate0:amd64 (1.10-2) ...
#25 52.91 Selecting previously unselected package libwebp7:amd64.
#25 52.91 Preparing to unpack .../027-libwebp7_1.2.2-2ubuntu0.22.04.2_amd64.deb ...
#25 52.93 Unpacking libwebp7:amd64 (1.2.2-2ubuntu0.22.04.2) ...
#25 53.06 Selecting previously unselected package libtiff5:amd64.
#25 53.06 Preparing to unpack .../028-libtiff5_4.3.0-6ubuntu0.12_amd64.deb ...
#25 53.08 Unpacking libtiff5:amd64 (4.3.0-6ubuntu0.12) ...
#25 53.19 Selecting previously unselected package libwebpdemux2:amd64.
#25 53.20 Preparing to unpack .../029-libwebpdemux2_1.2.2-2ubuntu0.22.04.2_amd64.deb ...
#25 53.21 Unpacking libwebpdemux2:amd64 (1.2.2-2ubuntu0.22.04.2) ...
#25 53.34 Selecting previously unselected package libwebpmux3:amd64.
#25 53.34 Preparing to unpack .../030-libwebpmux3_1.2.2-2ubuntu0.22.04.2_amd64.deb ...
#25 53.35 Unpacking libwebpmux3:amd64 (1.2.2-2ubuntu0.22.04.2) ...
#25 53.48 Selecting previously unselected package libxau6:amd64.
#25 53.48 Preparing to unpack .../031-libxau6_1%3a1.0.9-1build5_amd64.deb ...
#25 53.50 Unpacking libxau6:amd64 (1:1.0.9-1build5) ...
#25 53.63 Selecting previously unselected package libmd0:amd64.
#25 53.63 Preparing to unpack .../032-libmd0_1.0.4-1build1_amd64.deb ...
#25 53.64 Unpacking libmd0:amd64 (1.0.4-1build1) ...
#25 53.76 Selecting previously unselected package libbsd0:amd64.
#25 53.76 Preparing to unpack .../033-libbsd0_0.11.5-1_amd64.deb ...
#25 53.77 Unpacking libbsd0:amd64 (0.11.5-1) ...
#25 53.89 Selecting previously unselected package libxdmcp6:amd64.
#25 53.89 Preparing to unpack .../034-libxdmcp6_1%3a1.1.3-0ubuntu5_amd64.deb ...
#25 53.91 Unpacking libxdmcp6:amd64 (1:1.1.3-0ubuntu5) ...
#25 54.02 Selecting previously unselected package libxcb1:amd64.
#25 54.02 Preparing to unpack .../035-libxcb1_1.14-3ubuntu3_amd64.deb ...
#25 54.03 Unpacking libxcb1:amd64 (1.14-3ubuntu3) ...
#25 54.13 Selecting previously unselected package libx11-data.
#25 54.13 Preparing to unpack .../036-libx11-data_2%3a1.7.5-1ubuntu0.3_all.deb ...
#25 54.15 Unpacking libx11-data (2:1.7.5-1ubuntu0.3) ...
#25 54.42 Selecting previously unselected package libx11-6:amd64.
#25 54.43 Preparing to unpack .../037-libx11-6_2%3a1.7.5-1ubuntu0.3_amd64.deb ...
#25 54.44 Unpacking libx11-6:amd64 (2:1.7.5-1ubuntu0.3) ...
#25 54.57 Selecting previously unselected package libxext6:amd64.
#25 54.57 Preparing to unpack .../038-libxext6_2%3a1.3.4-1build1_amd64.deb ...
#25 54.58 Unpacking libxext6:amd64 (2:1.3.4-1build1) ...
#25 54.69 Selecting previously unselected package libicu70:amd64.
#25 54.69 Preparing to unpack .../039-libicu70_70.1-2_amd64.deb ...
#25 54.71 Unpacking libicu70:amd64 (70.1-2) ...
#25 55.47 Selecting previously unselected package libxml2:amd64.
#25 55.47 Preparing to unpack .../040-libxml2_2.9.13+dfsg-1ubuntu0.11_amd64.deb ...
#25 55.49 Unpacking libxml2:amd64 (2.9.13+dfsg-1ubuntu0.11) ...
#25 55.64 Selecting previously unselected package imagemagick-6-common.
#25 55.64 Preparing to unpack .../041-imagemagick-6-common_8%3a6.9.11.60+dfsg-1.3ubuntu0.22.04.5_all.deb ...
#25 55.65 Unpacking imagemagick-6-common (8:6.9.11.60+dfsg-1.3ubuntu0.22.04.5) ...
#25 55.85 Selecting previously unselected package libmagickcore-6.q16-6:amd64.
#25 55.85 Preparing to unpack .../042-libmagickcore-6.q16-6_8%3a6.9.11.60+dfsg-1.3ubuntu0.22.04.5_amd64.deb ...
#25 55.86 Unpacking libmagickcore-6.q16-6:amd64 (8:6.9.11.60+dfsg-1.3ubuntu0.22.04.5) ...
#25 56.22 Selecting previously unselected package libmagickwand-6.q16-6:amd64.
#25 56.22 Preparing to unpack .../043-libmagickwand-6.q16-6_8%3a6.9.11.60+dfsg-1.3ubuntu0.22.04.5_amd64.deb ...
#25 56.24 Unpacking libmagickwand-6.q16-6:amd64 (8:6.9.11.60+dfsg-1.3ubuntu0.22.04.5) ...
#25 56.38 Selecting previously unselected package perl-modules-5.34.
#25 56.39 Preparing to unpack .../044-perl-modules-5.34_5.34.0-3ubuntu1.5_all.deb ...
#25 56.41 Unpacking perl-modules-5.34 (5.34.0-3ubuntu1.5) ...
#25 57.24 Selecting previously unselected package libgdbm6:amd64.
#25 57.24 Preparing to unpack .../045-libgdbm6_1.23-1_amd64.deb ...
#25 57.25 Unpacking libgdbm6:amd64 (1.23-1) ...
#25 57.37 Selecting previously unselected package libgdbm-compat4:amd64.
#25 57.37 Preparing to unpack .../046-libgdbm-compat4_1.23-1_amd64.deb ...
#25 57.38 Unpacking libgdbm-compat4:amd64 (1.23-1) ...
#25 57.50 Selecting previously unselected package libperl5.34:amd64.
#25 57.50 Preparing to unpack .../047-libperl5.34_5.34.0-3ubuntu1.5_amd64.deb ...
#25 57.51 Unpacking libperl5.34:amd64 (5.34.0-3ubuntu1.5) ...
#25 58.08 Selecting previously unselected package perl.
#25 58.08 Preparing to unpack .../048-perl_5.34.0-3ubuntu1.5_amd64.deb ...
#25 58.12 Unpacking perl (5.34.0-3ubuntu1.5) ...
#25 58.29 Selecting previously unselected package poppler-data.
#25 58.29 Preparing to unpack .../049-poppler-data_0.4.11-1_all.deb ...
#25 58.30 Unpacking poppler-data (0.4.11-1) ...
#25 58.70 Selecting previously unselected package openssl.
#25 58.70 Preparing to unpack .../050-openssl_3.0.2-0ubuntu1.21_amd64.deb ...
#25 58.72 Unpacking openssl (3.0.2-0ubuntu1.21) ...
#25 58.91 Selecting previously unselected package ca-certificates.
#25 58.91 Preparing to unpack .../051-ca-certificates_20240203~22.04.1_all.deb ...
#25 58.93 Unpacking ca-certificates (20240203~22.04.1) ...
#25 59.16 Selecting previously unselected package libdbus-1-3:amd64.
#25 59.17 Preparing to unpack .../052-libdbus-1-3_1.12.20-2ubuntu4.1_amd64.deb ...
#25 59.18 Unpacking libdbus-1-3:amd64 (1.12.20-2ubuntu4.1) ...
#25 59.36 Selecting previously unselected package dbus.
#25 59.37 Preparing to unpack .../053-dbus_1.12.20-2ubuntu4.1_amd64.deb ...
#25 59.42 Unpacking dbus (1.12.20-2ubuntu4.1) ...
#25 59.58 Selecting previously unselected package dmsetup.
#25 59.58 Preparing to unpack .../054-dmsetup_2%3a1.02.175-2.1ubuntu5_amd64.deb ...
#25 59.60 Unpacking dmsetup (2:1.02.175-2.1ubuntu5) ...
#25 59.73 Selecting previously unselected package libgirepository-1.0-1:amd64.
#25 59.73 Preparing to unpack .../055-libgirepository-1.0-1_1.72.0-1_amd64.deb ...
#25 59.74 Unpacking libgirepository-1.0-1:amd64 (1.72.0-1) ...
#25 59.86 Selecting previously unselected package gir1.2-glib-2.0:amd64.
#25 59.86 Preparing to unpack .../056-gir1.2-glib-2.0_1.72.0-1_amd64.deb ...
#25 59.88 Unpacking gir1.2-glib-2.0:amd64 (1.72.0-1) ...
#25 60.02 Selecting previously unselected package iso-codes.
#25 60.02 Preparing to unpack .../057-iso-codes_4.9.0-1_all.deb ...
#25 60.03 Unpacking iso-codes (4.9.0-1) ...
#25 60.51 Selecting previously unselected package libcap2-bin.
#25 60.51 Preparing to unpack .../058-libcap2-bin_1%3a2.44-1ubuntu0.22.04.2_amd64.deb ...
#25 60.52 Unpacking libcap2-bin (1:2.44-1ubuntu0.22.04.2) ...
#25 60.69 Selecting previously unselected package libelf1:amd64.
#25 60.69 Preparing to unpack .../059-libelf1_0.186-1ubuntu0.1_amd64.deb ...
#25 60.73 Unpacking libelf1:amd64 (0.186-1ubuntu0.1) ...
#25 60.85 Selecting previously unselected package libfribidi0:amd64.
#25 60.85 Preparing to unpack .../060-libfribidi0_1.0.8-2ubuntu3.1_amd64.deb ...
#25 60.86 Unpacking libfribidi0:amd64 (1.0.8-2ubuntu3.1) ...
#25 60.97 Selecting previously unselected package libglib2.0-data.
#25 60.97 Preparing to unpack .../061-libglib2.0-data_2.72.4-0ubuntu2.9_all.deb ...
#25 60.98 Unpacking libglib2.0-data (2.72.4-0ubuntu2.9) ...
#25 61.11 Selecting previously unselected package libnss-systemd:amd64.
#25 61.11 Preparing to unpack .../062-libnss-systemd_249.11-0ubuntu3.17_amd64.deb ...
#25 61.12 Unpacking libnss-systemd:amd64 (249.11-0ubuntu3.17) ...
#25 61.27 Selecting previously unselected package libpam-cap:amd64.
#25 61.27 Preparing to unpack .../063-libpam-cap_1%3a2.44-1ubuntu0.22.04.2_amd64.deb ...
#25 61.29 Unpacking libpam-cap:amd64 (1:2.44-1ubuntu0.22.04.2) ...
#25 61.41 Selecting previously unselected package libpam-systemd:amd64.
#25 61.41 Preparing to unpack .../064-libpam-systemd_249.11-0ubuntu3.17_amd64.deb ...
#25 61.43 Unpacking libpam-systemd:amd64 (249.11-0ubuntu3.17) ...
#25 61.56 Selecting previously unselected package libslang2:amd64.
#25 61.56 Preparing to unpack .../065-libslang2_2.3.2-5build4_amd64.deb ...
#25 61.58 Unpacking libslang2:amd64 (2.3.2-5build4) ...
#25 61.73 Selecting previously unselected package netbase.
#25 61.73 Preparing to unpack .../066-netbase_6.3_all.deb ...
#25 61.74 Unpacking netbase (6.3) ...
#25 61.86 Selecting previously unselected package python3-dbus.
#25 61.86 Preparing to unpack .../067-python3-dbus_1.2.18-3build1_amd64.deb ...
#25 61.88 Unpacking python3-dbus (1.2.18-3build1) ...
#25 62.03 Selecting previously unselected package python3-gi.
#25 62.03 Preparing to unpack .../068-python3-gi_3.42.1-0ubuntu1_amd64.deb ...
#25 62.05 Unpacking python3-gi (3.42.1-0ubuntu1) ...
#25 62.21 Selecting previously unselected package networkd-dispatcher.
#25 62.22 Preparing to unpack .../069-networkd-dispatcher_2.1-2ubuntu0.22.04.2_all.deb ...
#25 62.23 Unpacking networkd-dispatcher (2.1-2ubuntu0.22.04.2) ...
#25 62.37 Selecting previously unselected package python3-pkg-resources.
#25 62.37 Preparing to unpack .../070-python3-pkg-resources_59.6.0-1.2ubuntu0.22.04.3_all.deb ...
#25 62.38 Unpacking python3-pkg-resources (59.6.0-1.2ubuntu0.22.04.3) ...
#25 62.52 Selecting previously unselected package shared-mime-info.
#25 62.53 Preparing to unpack .../071-shared-mime-info_2.1-2_amd64.deb ...
#25 62.54 Unpacking shared-mime-info (2.1-2) ...
#25 62.72 Selecting previously unselected package systemd-timesyncd.
#25 62.72 Preparing to unpack .../072-systemd-timesyncd_249.11-0ubuntu3.17_amd64.deb ...
#25 62.73 Unpacking systemd-timesyncd (249.11-0ubuntu3.17) ...
#25 62.88 Selecting previously unselected package xdg-user-dirs.
#25 62.88 Preparing to unpack .../073-xdg-user-dirs_0.17-2ubuntu4_amd64.deb ...
#25 62.92 Unpacking xdg-user-dirs (0.17-2ubuntu4) ...
#25 63.08 Selecting previously unselected package xkb-data.
#25 63.08 Preparing to unpack .../074-xkb-data_2.33-1_all.deb ...
#25 63.09 Unpacking xkb-data (2.33-1) ...
#25 63.36 Selecting previously unselected package libdrm-common.
#25 63.36 Preparing to unpack .../075-libdrm-common_2.4.113-2~ubuntu0.22.04.1_all.deb ...
#25 63.38 Unpacking libdrm-common (2.4.113-2~ubuntu0.22.04.1) ...
#25 63.50 Selecting previously unselected package libdrm2:amd64.
#25 63.51 Preparing to unpack .../076-libdrm2_2.4.113-2~ubuntu0.22.04.1_amd64.deb ...
#25 63.52 Unpacking libdrm2:amd64 (2.4.113-2~ubuntu0.22.04.1) ...
#25 63.64 Selecting previously unselected package libedit2:amd64.
#25 63.65 Preparing to unpack .../077-libedit2_3.1-20210910-1build1_amd64.deb ...
#25 63.66 Unpacking libedit2:amd64 (3.1-20210910-1build1) ...
#25 63.79 Selecting previously unselected package libnghttp2-14:amd64.
#25 63.79 Preparing to unpack .../078-libnghttp2-14_1.43.0-1ubuntu0.2_amd64.deb ...
#25 63.80 Unpacking libnghttp2-14:amd64 (1.43.0-1ubuntu0.2) ...
#25 63.92 Selecting previously unselected package libpsl5:amd64.
#25 63.92 Preparing to unpack .../079-libpsl5_0.21.0-1.2build2_amd64.deb ...
#25 63.94 Unpacking libpsl5:amd64 (0.21.0-1.2build2) ...
#25 64.06 Selecting previously unselected package libusb-1.0-0:amd64.
#25 64.06 Preparing to unpack .../080-libusb-1.0-0_2%3a1.0.25-1ubuntu2_amd64.deb ...
#25 64.08 Unpacking libusb-1.0-0:amd64 (2:1.0.25-1ubuntu2) ...
#25 64.20 Selecting previously unselected package libxmuu1:amd64.
#25 64.20 Preparing to unpack .../081-libxmuu1_2%3a1.1.3-3_amd64.deb ...
#25 64.21 Unpacking libxmuu1:amd64 (2:1.1.3-3) ...
#25 64.33 Selecting previously unselected package manpages.
#25 64.33 Preparing to unpack .../082-manpages_5.10-1ubuntu1_all.deb ...
#25 64.34 Unpacking manpages (5.10-1ubuntu1) ...
#25 64.59 Selecting previously unselected package publicsuffix.
#25 64.59 Preparing to unpack .../083-publicsuffix_20211207.1025-1_all.deb ...
#25 64.61 Unpacking publicsuffix (20211207.1025-1) ...
#25 64.79 Selecting previously unselected package xauth.
#25 64.79 Preparing to unpack .../084-xauth_1%3a1.1-1build2_amd64.deb ...
#25 64.80 Unpacking xauth (1:1.1-1build2) ...
#25 64.92 Selecting previously unselected package xz-utils.
#25 64.92 Preparing to unpack .../085-xz-utils_5.2.5-2ubuntu1_amd64.deb ...
#25 64.93 Unpacking xz-utils (5.2.5-2ubuntu1) ...
#25 65.06 Selecting previously unselected package alsa-topology-conf.
#25 65.06 Preparing to unpack .../086-alsa-topology-conf_1.2.5.1-2_all.deb ...
#25 65.07 Unpacking alsa-topology-conf (1.2.5.1-2) ...
#25 65.20 Selecting previously unselected package libasound2-data.
#25 65.20 Preparing to unpack .../087-libasound2-data_1.2.6.1-1ubuntu1.1_all.deb ...
#25 65.21 Unpacking libasound2-data (1.2.6.1-1ubuntu1.1) ...
#25 65.39 Selecting previously unselected package libasound2:amd64.
#25 65.39 Preparing to unpack .../088-libasound2_1.2.6.1-1ubuntu1.1_amd64.deb ...
#25 65.41 Unpacking libasound2:amd64 (1.2.6.1-1ubuntu1.1) ...
#25 65.52 Selecting previously unselected package alsa-ucm-conf.
#25 65.52 Preparing to unpack .../089-alsa-ucm-conf_1.2.6.3-1ubuntu1.12_all.deb ...
#25 65.54 Unpacking alsa-ucm-conf (1.2.6.3-1ubuntu1.12) ...
#25 65.84 Selecting previously unselected package binutils-common:amd64.
#25 65.85 Preparing to unpack .../090-binutils-common_2.38-4ubuntu2.12_amd64.deb ...
#25 65.86 Unpacking binutils-common:amd64 (2.38-4ubuntu2.12) ...
#25 65.99 Selecting previously unselected package libbinutils:amd64.
#25 65.99 Preparing to unpack .../091-libbinutils_2.38-4ubuntu2.12_amd64.deb ...
#25 66.01 Unpacking libbinutils:amd64 (2.38-4ubuntu2.12) ...
#25 66.16 Selecting previously unselected package libctf-nobfd0:amd64.
#25 66.16 Preparing to unpack .../092-libctf-nobfd0_2.38-4ubuntu2.12_amd64.deb ...
#25 66.18 Unpacking libctf-nobfd0:amd64 (2.38-4ubuntu2.12) ...
#25 66.29 Selecting previously unselected package libctf0:amd64.
#25 66.29 Preparing to unpack .../093-libctf0_2.38-4ubuntu2.12_amd64.deb ...
#25 66.30 Unpacking libctf0:amd64 (2.38-4ubuntu2.12) ...
#25 66.40 Selecting previously unselected package binutils-x86-64-linux-gnu.
#25 66.41 Preparing to unpack .../094-binutils-x86-64-linux-gnu_2.38-4ubuntu2.12_amd64.deb ...
#25 66.42 Unpacking binutils-x86-64-linux-gnu (2.38-4ubuntu2.12) ...
#25 66.75 Selecting previously unselected package binutils.
#25 66.75 Preparing to unpack .../095-binutils_2.38-4ubuntu2.12_amd64.deb ...
#25 66.76 Unpacking binutils (2.38-4ubuntu2.12) ...
#25 66.88 Selecting previously unselected package libc-dev-bin.
#25 66.88 Preparing to unpack .../096-libc-dev-bin_2.35-0ubuntu3.13_amd64.deb ...
#25 66.90 Unpacking libc-dev-bin (2.35-0ubuntu3.13) ...
#25 67.00 Selecting previously unselected package linux-libc-dev:amd64.
#25 67.00 Preparing to unpack .../097-linux-libc-dev_5.15.0-170.180_amd64.deb ...
#25 67.02 Unpacking linux-libc-dev:amd64 (5.15.0-170.180) ...
#25 67.63 Selecting previously unselected package libcrypt-dev:amd64.
#25 67.63 Preparing to unpack .../098-libcrypt-dev_1%3a4.4.27-1_amd64.deb ...
#25 67.65 Unpacking libcrypt-dev:amd64 (1:4.4.27-1) ...
#25 67.76 Selecting previously unselected package rpcsvc-proto.
#25 67.76 Preparing to unpack .../099-rpcsvc-proto_1.4.2-0ubuntu6_amd64.deb ...
#25 67.78 Unpacking rpcsvc-proto (1.4.2-0ubuntu6) ...
#25 67.91 Selecting previously unselected package libtirpc-dev:amd64.
#25 67.91 Preparing to unpack .../100-libtirpc-dev_1.3.2-2ubuntu0.1_amd64.deb ...
#25 67.92 Unpacking libtirpc-dev:amd64 (1.3.2-2ubuntu0.1) ...
#25 68.07 Selecting previously unselected package libnsl-dev:amd64.
#25 68.07 Preparing to unpack .../101-libnsl-dev_1.3.0-2build2_amd64.deb ...
#25 68.09 Unpacking libnsl-dev:amd64 (1.3.0-2build2) ...
#25 68.21 Selecting previously unselected package libc6-dev:amd64.
#25 68.22 Preparing to unpack .../102-libc6-dev_2.35-0ubuntu3.13_amd64.deb ...
#25 68.23 Unpacking libc6-dev:amd64 (2.35-0ubuntu3.13) ...
#25 68.64 Selecting previously unselected package gcc-11-base:amd64.
#25 68.64 Preparing to unpack .../103-gcc-11-base_11.4.0-1ubuntu1~22.04.3_amd64.deb ...
#25 68.65 Unpacking gcc-11-base:amd64 (11.4.0-1ubuntu1~22.04.3) ...
#25 68.78 Selecting previously unselected package libisl23:amd64.
#25 68.78 Preparing to unpack .../104-libisl23_0.24-2build1_amd64.deb ...
#25 68.80 Unpacking libisl23:amd64 (0.24-2build1) ...
#25 69.11 Selecting previously unselected package libmpfr6:amd64.
#25 69.11 Preparing to unpack .../105-libmpfr6_4.1.0-3build3_amd64.deb ...
#25 69.13 Unpacking libmpfr6:amd64 (4.1.0-3build3) ...
#25 69.30 Selecting previously unselected package libmpc3:amd64.
#25 69.30 Preparing to unpack .../106-libmpc3_1.2.1-2build1_amd64.deb ...
#25 69.32 Unpacking libmpc3:amd64 (1.2.1-2build1) ...
#25 69.43 Selecting previously unselected package cpp-11.
#25 69.44 Preparing to unpack .../107-cpp-11_11.4.0-1ubuntu1~22.04.3_amd64.deb ...
#25 69.45 Unpacking cpp-11 (11.4.0-1ubuntu1~22.04.3) ...
#25 69.95 Selecting previously unselected package cpp.
#25 69.95 Preparing to unpack .../108-cpp_4%3a11.2.0-1ubuntu1_amd64.deb ...
#25 69.96 Unpacking cpp (4:11.2.0-1ubuntu1) ...
#25 70.08 Selecting previously unselected package libcc1-0:amd64.
#25 70.08 Preparing to unpack .../109-libcc1-0_12.3.0-1ubuntu1~22.04.2_amd64.deb ...
#25 70.09 Unpacking libcc1-0:amd64 (12.3.0-1ubuntu1~22.04.2) ...
#25 70.23 Selecting previously unselected package libitm1:amd64.
#25 70.24 Preparing to unpack .../110-libitm1_12.3.0-1ubuntu1~22.04.2_amd64.deb ...
#25 70.25 Unpacking libitm1:amd64 (12.3.0-1ubuntu1~22.04.2) ...
#25 70.38 Selecting previously unselected package libatomic1:amd64.
#25 70.39 Preparing to unpack .../111-libatomic1_12.3.0-1ubuntu1~22.04.2_amd64.deb ...
#25 70.40 Unpacking libatomic1:amd64 (12.3.0-1ubuntu1~22.04.2) ...
#25 70.55 Selecting previously unselected package libasan6:amd64.
#25 70.55 Preparing to unpack .../112-libasan6_11.4.0-1ubuntu1~22.04.3_amd64.deb ...
#25 70.58 Unpacking libasan6:amd64 (11.4.0-1ubuntu1~22.04.3) ...
#25 71.06 Selecting previously unselected package liblsan0:amd64.
#25 71.06 Preparing to unpack .../113-liblsan0_12.3.0-1ubuntu1~22.04.2_amd64.deb ...
#25 71.07 Unpacking liblsan0:amd64 (12.3.0-1ubuntu1~22.04.2) ...
#25 71.23 Selecting previously unselected package libtsan0:amd64.
#25 71.23 Preparing to unpack .../114-libtsan0_11.4.0-1ubuntu1~22.04.3_amd64.deb ...
#25 71.25 Unpacking libtsan0:amd64 (11.4.0-1ubuntu1~22.04.3) ...
#25 71.44 Selecting previously unselected package libubsan1:amd64.
#25 71.45 Preparing to unpack .../115-libubsan1_12.3.0-1ubuntu1~22.04.2_amd64.deb ...
#25 71.46 Unpacking libubsan1:amd64 (12.3.0-1ubuntu1~22.04.2) ...
#25 71.61 Selecting previously unselected package libquadmath0:amd64.
#25 71.62 Preparing to unpack .../116-libquadmath0_12.3.0-1ubuntu1~22.04.2_amd64.deb ...
#25 71.63 Unpacking libquadmath0:amd64 (12.3.0-1ubuntu1~22.04.2) ...
#25 71.74 Selecting previously unselected package libgcc-11-dev:amd64.
#25 71.74 Preparing to unpack .../117-libgcc-11-dev_11.4.0-1ubuntu1~22.04.3_amd64.deb ...
#25 71.76 Unpacking libgcc-11-dev:amd64 (11.4.0-1ubuntu1~22.04.3) ...
#25 72.05 Selecting previously unselected package gcc-11.
#25 72.05 Preparing to unpack .../118-gcc-11_11.4.0-1ubuntu1~22.04.3_amd64.deb ...
#25 72.06 Unpacking gcc-11 (11.4.0-1ubuntu1~22.04.3) ...
#25 72.63 Selecting previously unselected package gcc.
#25 72.63 Preparing to unpack .../119-gcc_4%3a11.2.0-1ubuntu1_amd64.deb ...
#25 72.64 Unpacking gcc (4:11.2.0-1ubuntu1) ...
#25 72.76 Selecting previously unselected package libstdc++-11-dev:amd64.
#25 72.76 Preparing to unpack .../120-libstdc++-11-dev_11.4.0-1ubuntu1~22.04.3_amd64.deb ...
#25 72.78 Unpacking libstdc++-11-dev:amd64 (11.4.0-1ubuntu1~22.04.3) ...
#25 73.47 Selecting previously unselected package g++-11.
#25 73.47 Preparing to unpack .../121-g++-11_11.4.0-1ubuntu1~22.04.3_amd64.deb ...
#25 73.48 Unpacking g++-11 (11.4.0-1ubuntu1~22.04.3) ...
#25 74.12 Selecting previously unselected package g++.
#25 74.13 Preparing to unpack .../122-g++_4%3a11.2.0-1ubuntu1_amd64.deb ...
#25 74.14 Unpacking g++ (4:11.2.0-1ubuntu1) ...
#25 74.25 Selecting previously unselected package make.
#25 74.25 Preparing to unpack .../123-make_4.3-4.1build1_amd64.deb ...
#25 74.27 Unpacking make (4.3-4.1build1) ...
#25 74.39 Selecting previously unselected package libdpkg-perl.
#25 74.39 Preparing to unpack .../124-libdpkg-perl_1.21.1ubuntu2.6_all.deb ...
#25 74.40 Unpacking libdpkg-perl (1.21.1ubuntu2.6) ...
#25 74.57 Selecting previously unselected package bzip2.
#25 74.58 Preparing to unpack .../125-bzip2_1.0.8-5build1_amd64.deb ...
#25 74.59 Unpacking bzip2 (1.0.8-5build1) ...
#25 74.71 Selecting previously unselected package patch.
#25 74.72 Preparing to unpack .../126-patch_2.7.6-7build2_amd64.deb ...
#25 74.73 Unpacking patch (2.7.6-7build2) ...
#25 74.81 Selecting previously unselected package lto-disabled-list.
#25 74.82 Preparing to unpack .../127-lto-disabled-list_24_all.deb ...
#25 74.83 Unpacking lto-disabled-list (24) ...
#25 74.95 Selecting previously unselected package dpkg-dev.
#25 74.96 Preparing to unpack .../128-dpkg-dev_1.21.1ubuntu2.6_all.deb ...
#25 74.97 Unpacking dpkg-dev (1.21.1ubuntu2.6) ...
#25 75.14 Selecting previously unselected package build-essential.
#25 75.15 Preparing to unpack .../129-build-essential_12.9ubuntu3_amd64.deb ...
#25 75.16 Unpacking build-essential (12.9ubuntu3) ...
#25 75.28 Selecting previously unselected package dbus-user-session.
#25 75.28 Preparing to unpack .../130-dbus-user-session_1.12.20-2ubuntu4.1_amd64.deb ...
#25 75.30 Unpacking dbus-user-session (1.12.20-2ubuntu4.1) ...
#25 75.42 Selecting previously unselected package libdconf1:amd64.
#25 75.42 Preparing to unpack .../131-libdconf1_0.40.0-3ubuntu0.1_amd64.deb ...
#25 75.44 Unpacking libdconf1:amd64 (0.40.0-3ubuntu0.1) ...
#25 75.53 Selecting previously unselected package dconf-service.
#25 75.53 Preparing to unpack .../132-dconf-service_0.40.0-3ubuntu0.1_amd64.deb ...
#25 75.55 Unpacking dconf-service (0.40.0-3ubuntu0.1) ...
#25 75.65 Selecting previously unselected package dconf-gsettings-backend:amd64.
#25 75.65 Preparing to unpack .../133-dconf-gsettings-backend_0.40.0-3ubuntu0.1_amd64.deb ...
#25 75.67 Unpacking dconf-gsettings-backend:amd64 (0.40.0-3ubuntu0.1) ...
#25 75.80 Selecting previously unselected package libassuan0:amd64.
#25 75.81 Preparing to unpack .../134-libassuan0_2.5.5-1build1_amd64.deb ...
#25 75.83 Unpacking libassuan0:amd64 (2.5.5-1build1) ...
#25 75.96 Selecting previously unselected package gpgconf.
#25 75.97 Preparing to unpack .../135-gpgconf_2.2.27-3ubuntu2.5_amd64.deb ...
#25 75.98 Unpacking gpgconf (2.2.27-3ubuntu2.5) ...
#25 76.09 Selecting previously unselected package libksba8:amd64.
#25 76.10 Preparing to unpack .../136-libksba8_1.6.0-2ubuntu0.2_amd64.deb ...
#25 76.11 Unpacking libksba8:amd64 (1.6.0-2ubuntu0.2) ...
#25 76.22 Selecting previously unselected package libsasl2-modules-db:amd64.
#25 76.22 Preparing to unpack .../137-libsasl2-modules-db_2.1.27+dfsg2-3ubuntu1.2_amd64.deb ...
#25 76.23 Unpacking libsasl2-modules-db:amd64 (2.1.27+dfsg2-3ubuntu1.2) ...
#25 76.35 Selecting previously unselected package libsasl2-2:amd64.
#25 76.35 Preparing to unpack .../138-libsasl2-2_2.1.27+dfsg2-3ubuntu1.2_amd64.deb ...
#25 76.36 Unpacking libsasl2-2:amd64 (2.1.27+dfsg2-3ubuntu1.2) ...
#25 76.50 Selecting previously unselected package libldap-2.5-0:amd64.
#25 76.50 Preparing to unpack .../139-libldap-2.5-0_2.5.20+dfsg-0ubuntu0.22.04.1_amd64.deb ...
#25 76.51 Unpacking libldap-2.5-0:amd64 (2.5.20+dfsg-0ubuntu0.22.04.1) ...
#25 76.66 Selecting previously unselected package libnpth0:amd64.
#25 76.66 Preparing to unpack .../140-libnpth0_1.6-3build2_amd64.deb ...
#25 76.68 Unpacking libnpth0:amd64 (1.6-3build2) ...
#25 76.87 Selecting previously unselected package dirmngr.
#25 76.87 Preparing to unpack .../141-dirmngr_2.2.27-3ubuntu2.5_amd64.deb ...
#25 76.94 Unpacking dirmngr (2.2.27-3ubuntu2.5) ...
#25 77.07 Selecting previously unselected package libfakeroot:amd64.
#25 77.08 Preparing to unpack .../142-libfakeroot_1.28-1ubuntu1_amd64.deb ...
#25 77.09 Unpacking libfakeroot:amd64 (1.28-1ubuntu1) ...
#25 77.20 Selecting previously unselected package fakeroot.
#25 77.21 Preparing to unpack .../143-fakeroot_1.28-1ubuntu1_amd64.deb ...
#25 77.22 Unpacking fakeroot (1.28-1ubuntu1) ...
#25 77.36 Selecting previously unselected package fontconfig.
#25 77.36 Preparing to unpack .../144-fontconfig_2.13.1-4.2ubuntu5_amd64.deb ...
#25 77.38 Unpacking fontconfig (2.13.1-4.2ubuntu5) ...
#25 77.51 Selecting previously unselected package fonts-noto-mono.
#25 77.51 Preparing to unpack .../145-fonts-noto-mono_20201225-1build1_all.deb ...
#25 77.53 Unpacking fonts-noto-mono (20201225-1build1) ...
#25 77.71 Selecting previously unselected package libgs9-common.
#25 77.71 Preparing to unpack .../146-libgs9-common_9.55.0~dfsg1-0ubuntu5.13_all.deb ...
#25 77.72 Unpacking libgs9-common (9.55.0~dfsg1-0ubuntu5.13) ...
#25 78.00 Selecting previously unselected package libavahi-common-data:amd64.
#25 78.00 Preparing to unpack .../147-libavahi-common-data_0.8-5ubuntu5.4_amd64.deb ...
#25 78.01 Unpacking libavahi-common-data:amd64 (0.8-5ubuntu5.4) ...
#25 78.12 Selecting previously unselected package libavahi-common3:amd64.
#25 78.13 Preparing to unpack .../148-libavahi-common3_0.8-5ubuntu5.4_amd64.deb ...
#25 78.14 Unpacking libavahi-common3:amd64 (0.8-5ubuntu5.4) ...
#25 78.24 Selecting previously unselected package libavahi-client3:amd64.
#25 78.25 Preparing to unpack .../149-libavahi-client3_0.8-5ubuntu5.4_amd64.deb ...
#25 78.26 Unpacking libavahi-client3:amd64 (0.8-5ubuntu5.4) ...
#25 78.40 Selecting previously unselected package libcups2:amd64.
#25 78.41 Preparing to unpack .../150-libcups2_2.4.1op1-1ubuntu4.16_amd64.deb ...
#25 78.42 Unpacking libcups2:amd64 (2.4.1op1-1ubuntu4.16) ...
#25 78.57 Selecting previously unselected package libidn12:amd64.
#25 78.57 Preparing to unpack .../151-libidn12_1.38-4ubuntu1_amd64.deb ...
#25 78.58 Unpacking libidn12:amd64 (1.38-4ubuntu1) ...
#25 78.69 Selecting previously unselected package libijs-0.35:amd64.
#25 78.69 Preparing to unpack .../152-libijs-0.35_0.35-15build2_amd64.deb ...
#25 78.71 Unpacking libijs-0.35:amd64 (0.35-15build2) ...
#25 78.83 Selecting previously unselected package libjbig2dec0:amd64.
#25 78.83 Preparing to unpack .../153-libjbig2dec0_0.19-3build2_amd64.deb ...
#25 78.85 Unpacking libjbig2dec0:amd64 (0.19-3build2) ...
#25 79.00 Selecting previously unselected package libpaper1:amd64.
#25 79.01 Preparing to unpack .../154-libpaper1_1.1.28build2_amd64.deb ...
#25 79.02 Unpacking libpaper1:amd64 (1.1.28build2) ...
#25 79.18 Selecting previously unselected package libgs9:amd64.
#25 79.19 Preparing to unpack .../155-libgs9_9.55.0~dfsg1-0ubuntu5.13_amd64.deb ...
#25 79.21 Unpacking libgs9:amd64 (9.55.0~dfsg1-0ubuntu5.13) ...
#25 79.67 Selecting previously unselected package ghostscript.
#25 79.67 Preparing to unpack .../156-ghostscript_9.55.0~dfsg1-0ubuntu5.13_amd64.deb ...
#25 79.69 Unpacking ghostscript (9.55.0~dfsg1-0ubuntu5.13) ...
#25 79.85 Selecting previously unselected package libdw1:amd64.
#25 79.85 Preparing to unpack .../157-libdw1_0.186-1ubuntu0.1_amd64.deb ...
#25 79.86 Unpacking libdw1:amd64 (0.186-1ubuntu0.1) ...
#25 80.01 Selecting previously unselected package libunwind8:amd64.
#25 80.02 Preparing to unpack .../158-libunwind8_1.3.2-2build2.1_amd64.deb ...
#25 80.03 Unpacking libunwind8:amd64 (1.3.2-2build2.1) ...
#25 80.17 Selecting previously unselected package libgstreamer1.0-0:amd64.
#25 80.18 Preparing to unpack .../159-libgstreamer1.0-0_1.20.3-0ubuntu1.1_amd64.deb ...
#25 80.19 Unpacking libgstreamer1.0-0:amd64 (1.20.3-0ubuntu1.1) ...
#25 80.34 Selecting previously unselected package gir1.2-gstreamer-1.0:amd64.
#25 80.35 Preparing to unpack .../160-gir1.2-gstreamer-1.0_1.20.3-0ubuntu1.1_amd64.deb ...
#25 80.36 Unpacking gir1.2-gstreamer-1.0:amd64 (1.20.3-0ubuntu1.1) ...
#25 80.49 Selecting previously unselected package libglvnd0:amd64.
#25 80.49 Preparing to unpack .../161-libglvnd0_1.4.0-1_amd64.deb ...
#25 80.51 Unpacking libglvnd0:amd64 (1.4.0-1) ...
#25 80.65 Selecting previously unselected package libwayland-server0:amd64.
#25 80.65 Preparing to unpack .../162-libwayland-server0_1.20.0-1ubuntu0.1_amd64.deb ...
#25 80.67 Unpacking libwayland-server0:amd64 (1.20.0-1ubuntu0.1) ...
#25 80.82 Selecting previously unselected package libxcb-randr0:amd64.
#25 80.83 Preparing to unpack .../163-libxcb-randr0_1.14-3ubuntu3_amd64.deb ...
#25 80.84 Unpacking libxcb-randr0:amd64 (1.14-3ubuntu3) ...
#25 80.96 Selecting previously unselected package libgbm1:amd64.
#25 80.97 Preparing to unpack .../164-libgbm1_23.2.1-1ubuntu3.1~22.04.3_amd64.deb ...
#25 80.98 Unpacking libgbm1:amd64 (23.2.1-1ubuntu3.1~22.04.3) ...
#25 81.12 Selecting previously unselected package libglapi-mesa:amd64.
#25 81.13 Preparing to unpack .../165-libglapi-mesa_23.2.1-1ubuntu3.1~22.04.3_amd64.deb ...
#25 81.14 Unpacking libglapi-mesa:amd64 (23.2.1-1ubuntu3.1~22.04.3) ...
#25 81.31 Selecting previously unselected package libwayland-client0:amd64.
#25 81.31 Preparing to unpack .../166-libwayland-client0_1.20.0-1ubuntu0.1_amd64.deb ...
#25 81.33 Unpacking libwayland-client0:amd64 (1.20.0-1ubuntu0.1) ...
#25 81.45 Selecting previously unselected package libx11-xcb1:amd64.
#25 81.45 Preparing to unpack .../167-libx11-xcb1_2%3a1.7.5-1ubuntu0.3_amd64.deb ...
#25 81.54 Unpacking libx11-xcb1:amd64 (2:1.7.5-1ubuntu0.3) ...
#25 81.66 Selecting previously unselected package libxcb-dri2-0:amd64.
#25 81.66 Preparing to unpack .../168-libxcb-dri2-0_1.14-3ubuntu3_amd64.deb ...
#25 81.67 Unpacking libxcb-dri2-0:amd64 (1.14-3ubuntu3) ...
#25 81.81 Selecting previously unselected package libxcb-dri3-0:amd64.
#25 81.81 Preparing to unpack .../169-libxcb-dri3-0_1.14-3ubuntu3_amd64.deb ...
#25 81.82 Unpacking libxcb-dri3-0:amd64 (1.14-3ubuntu3) ...
#25 81.98 Selecting previously unselected package libxcb-present0:amd64.
#25 81.98 Preparing to unpack .../170-libxcb-present0_1.14-3ubuntu3_amd64.deb ...
#25 81.99 Unpacking libxcb-present0:amd64 (1.14-3ubuntu3) ...
#25 82.15 Selecting previously unselected package libxcb-sync1:amd64.
#25 82.15 Preparing to unpack .../171-libxcb-sync1_1.14-3ubuntu3_amd64.deb ...
#25 82.17 Unpacking libxcb-sync1:amd64 (1.14-3ubuntu3) ...
#25 82.30 Selecting previously unselected package libxcb-xfixes0:amd64.
#25 82.30 Preparing to unpack .../172-libxcb-xfixes0_1.14-3ubuntu3_amd64.deb ...
#25 82.31 Unpacking libxcb-xfixes0:amd64 (1.14-3ubuntu3) ...
#25 82.43 Selecting previously unselected package libxshmfence1:amd64.
#25 82.43 Preparing to unpack .../173-libxshmfence1_1.3-1build4_amd64.deb ...
#25 82.44 Unpacking libxshmfence1:amd64 (1.3-1build4) ...
#25 82.55 Selecting previously unselected package libegl-mesa0:amd64.
#25 82.56 Preparing to unpack .../174-libegl-mesa0_23.2.1-1ubuntu3.1~22.04.3_amd64.deb ...
#25 82.58 Unpacking libegl-mesa0:amd64 (23.2.1-1ubuntu3.1~22.04.3) ...
#25 82.71 Selecting previously unselected package libegl1:amd64.
#25 82.71 Preparing to unpack .../175-libegl1_1.4.0-1_amd64.deb ...
#25 82.72 Unpacking libegl1:amd64 (1.4.0-1) ...
#25 82.88 Selecting previously unselected package libxcb-glx0:amd64.
#25 82.88 Preparing to unpack .../176-libxcb-glx0_1.14-3ubuntu3_amd64.deb ...
#25 82.89 Unpacking libxcb-glx0:amd64 (1.14-3ubuntu3) ...
#25 83.03 Selecting previously unselected package libxcb-shm0:amd64.
#25 83.03 Preparing to unpack .../177-libxcb-shm0_1.14-3ubuntu3_amd64.deb ...
#25 83.05 Unpacking libxcb-shm0:amd64 (1.14-3ubuntu3) ...
#25 83.20 Selecting previously unselected package libxfixes3:amd64.
#25 83.20 Preparing to unpack .../178-libxfixes3_1%3a6.0.0-1_amd64.deb ...
#25 83.21 Unpacking libxfixes3:amd64 (1:6.0.0-1) ...
#25 83.32 Selecting previously unselected package libxxf86vm1:amd64.
#25 83.32 Preparing to unpack .../179-libxxf86vm1_1%3a1.1.4-1build3_amd64.deb ...
#25 83.33 Unpacking libxxf86vm1:amd64 (1:1.1.4-1build3) ...
#25 83.45 Selecting previously unselected package libdrm-amdgpu1:amd64.
#25 83.46 Preparing to unpack .../180-libdrm-amdgpu1_2.4.113-2~ubuntu0.22.04.1_amd64.deb ...
#25 83.47 Unpacking libdrm-amdgpu1:amd64 (2.4.113-2~ubuntu0.22.04.1) ...
#25 83.58 Selecting previously unselected package libpciaccess0:amd64.
#25 83.59 Preparing to unpack .../181-libpciaccess0_0.16-3_amd64.deb ...
#25 83.60 Unpacking libpciaccess0:amd64 (0.16-3) ...
#25 83.73 Selecting previously unselected package libdrm-intel1:amd64.
#25 83.73 Preparing to unpack .../182-libdrm-intel1_2.4.113-2~ubuntu0.22.04.1_amd64.deb ...
#25 83.74 Unpacking libdrm-intel1:amd64 (2.4.113-2~ubuntu0.22.04.1) ...
#25 83.88 Selecting previously unselected package libdrm-nouveau2:amd64.
#25 83.88 Preparing to unpack .../183-libdrm-nouveau2_2.4.113-2~ubuntu0.22.04.1_amd64.deb ...
#25 83.90 Unpacking libdrm-nouveau2:amd64 (2.4.113-2~ubuntu0.22.04.1) ...
#25 84.04 Selecting previously unselected package libdrm-radeon1:amd64.
#25 84.04 Preparing to unpack .../184-libdrm-radeon1_2.4.113-2~ubuntu0.22.04.1_amd64.deb ...
#25 84.07 Unpacking libdrm-radeon1:amd64 (2.4.113-2~ubuntu0.22.04.1) ...
#25 84.19 Selecting previously unselected package libllvm15:amd64.
#25 84.19 Preparing to unpack .../185-libllvm15_1%3a15.0.7-0ubuntu0.22.04.3_amd64.deb ...
#25 84.21 Unpacking libllvm15:amd64 (1:15.0.7-0ubuntu0.22.04.3) ...
#25 85.16 Selecting previously unselected package libsensors-config.
#25 85.17 Preparing to unpack .../186-libsensors-config_1%3a3.6.0-7ubuntu1_all.deb ...
#25 85.18 Unpacking libsensors-config (1:3.6.0-7ubuntu1) ...
#25 85.32 Selecting previously unselected package libsensors5:amd64.
#25 85.32 Preparing to unpack .../187-libsensors5_1%3a3.6.0-7ubuntu1_amd64.deb ...
#25 85.50 Unpacking libsensors5:amd64 (1:3.6.0-7ubuntu1) ...
#25 85.63 Selecting previously unselected package libgl1-mesa-dri:amd64.
#25 85.63 Preparing to unpack .../188-libgl1-mesa-dri_23.2.1-1ubuntu3.1~22.04.3_amd64.deb ...
#25 85.67 Unpacking libgl1-mesa-dri:amd64 (23.2.1-1ubuntu3.1~22.04.3) ...
#25 86.11 Selecting previously unselected package libglx-mesa0:amd64.
#25 86.11 Preparing to unpack .../189-libglx-mesa0_23.2.1-1ubuntu3.1~22.04.3_amd64.deb ...
#25 86.12 Unpacking libglx-mesa0:amd64 (23.2.1-1ubuntu3.1~22.04.3) ...
#25 86.26 Selecting previously unselected package libglx0:amd64.
#25 86.26 Preparing to unpack .../190-libglx0_1.4.0-1_amd64.deb ...
#25 86.28 Unpacking libglx0:amd64 (1.4.0-1) ...
#25 86.41 Selecting previously unselected package libgl1:amd64.
#25 86.41 Preparing to unpack .../191-libgl1_1.4.0-1_amd64.deb ...
#25 86.42 Unpacking libgl1:amd64 (1.4.0-1) ...
#25 86.54 Selecting previously unselected package liborc-0.4-0:amd64.
#25 86.55 Preparing to unpack .../192-liborc-0.4-0_1%3a0.4.32-2ubuntu0.1_amd64.deb ...
#25 86.56 Unpacking liborc-0.4-0:amd64 (1:0.4.32-2ubuntu0.1) ...
#25 86.71 Selecting previously unselected package libgstreamer-plugins-base1.0-0:amd64.
#25 86.72 Preparing to unpack .../193-libgstreamer-plugins-base1.0-0_1.20.1-1ubuntu0.5_amd64.deb ...
#25 86.73 Unpacking libgstreamer-plugins-base1.0-0:amd64 (1.20.1-1ubuntu0.5) ...
#25 86.89 Selecting previously unselected package libgudev-1.0-0:amd64.
#25 86.90 Preparing to unpack .../194-libgudev-1.0-0_1%3a237-2build1_amd64.deb ...
#25 86.91 Unpacking libgudev-1.0-0:amd64 (1:237-2build1) ...
#25 87.03 Selecting previously unselected package libwayland-cursor0:amd64.
#25 87.03 Preparing to unpack .../195-libwayland-cursor0_1.20.0-1ubuntu0.1_amd64.deb ...
#25 87.04 Unpacking libwayland-cursor0:amd64 (1.20.0-1ubuntu0.1) ...
#25 87.17 Selecting previously unselected package libwayland-egl1:amd64.
#25 87.17 Preparing to unpack .../196-libwayland-egl1_1.20.0-1ubuntu0.1_amd64.deb ...
#25 87.19 Unpacking libwayland-egl1:amd64 (1.20.0-1ubuntu0.1) ...
#25 87.32 Selecting previously unselected package libgstreamer-gl1.0-0:amd64.
#25 87.32 Preparing to unpack .../197-libgstreamer-gl1.0-0_1.20.1-1ubuntu0.5_amd64.deb ...
#25 87.33 Unpacking libgstreamer-gl1.0-0:amd64 (1.20.1-1ubuntu0.5) ...
#25 87.45 Selecting previously unselected package gir1.2-gst-plugins-base-1.0:amd64.
#25 87.45 Preparing to unpack .../198-gir1.2-gst-plugins-base-1.0_1.20.1-1ubuntu0.5_amd64.deb ...
#25 87.47 Unpacking gir1.2-gst-plugins-base-1.0:amd64 (1.20.1-1ubuntu0.5) ...
#25 87.61 Selecting previously unselected package libproxy1v5:amd64.
#25 87.61 Preparing to unpack .../199-libproxy1v5_0.4.17-2_amd64.deb ...
#25 87.62 Unpacking libproxy1v5:amd64 (0.4.17-2) ...
#25 87.74 Selecting previously unselected package glib-networking-common.
#25 87.74 Preparing to unpack .../200-glib-networking-common_2.72.0-1_all.deb ...
#25 87.75 Unpacking glib-networking-common (2.72.0-1) ...
#25 87.86 Selecting previously unselected package glib-networking-services.
#25 87.86 Preparing to unpack .../201-glib-networking-services_2.72.0-1_amd64.deb ...
#25 87.88 Unpacking glib-networking-services (2.72.0-1) ...
#25 87.99 Selecting previously unselected package session-migration.
#25 87.99 Preparing to unpack .../202-session-migration_0.3.6_amd64.deb ...
#25 88.00 Unpacking session-migration (0.3.6) ...
#25 88.11 Selecting previously unselected package gsettings-desktop-schemas.
#25 88.12 Preparing to unpack .../203-gsettings-desktop-schemas_42.0-1ubuntu1_all.deb ...
#25 88.13 Unpacking gsettings-desktop-schemas (42.0-1ubuntu1) ...
#25 88.26 Selecting previously unselected package glib-networking:amd64.
#25 88.26 Preparing to unpack .../204-glib-networking_2.72.0-1_amd64.deb ...
#25 88.27 Unpacking glib-networking:amd64 (2.72.0-1) ...
#25 88.40 Selecting previously unselected package gnupg-l10n.
#25 88.40 Preparing to unpack .../205-gnupg-l10n_2.2.27-3ubuntu2.5_all.deb ...
#25 88.42 Unpacking gnupg-l10n (2.2.27-3ubuntu2.5) ...
#25 88.54 Selecting previously unselected package gnupg-utils.
#25 88.54 Preparing to unpack .../206-gnupg-utils_2.2.27-3ubuntu2.5_amd64.deb ...
#25 88.56 Unpacking gnupg-utils (2.2.27-3ubuntu2.5) ...
#25 88.67 Selecting previously unselected package gpg.
#25 88.67 Preparing to unpack .../207-gpg_2.2.27-3ubuntu2.5_amd64.deb ...
#25 88.68 Unpacking gpg (2.2.27-3ubuntu2.5) ...
#25 88.81 Selecting previously unselected package pinentry-curses.
#25 88.81 Preparing to unpack .../208-pinentry-curses_1.1.1-1build2_amd64.deb ...
#25 88.82 Unpacking pinentry-curses (1.1.1-1build2) ...
#25 88.93 Selecting previously unselected package gpg-agent.
#25 88.93 Preparing to unpack .../209-gpg-agent_2.2.27-3ubuntu2.5_amd64.deb ...
#25 88.95 Unpacking gpg-agent (2.2.27-3ubuntu2.5) ...
#25 89.09 Selecting previously unselected package gpg-wks-client.
#25 89.09 Preparing to unpack .../210-gpg-wks-client_2.2.27-3ubuntu2.5_amd64.deb ...
#25 89.10 Unpacking gpg-wks-client (2.2.27-3ubuntu2.5) ...
#25 89.23 Selecting previously unselected package gpg-wks-server.
#25 89.23 Preparing to unpack .../211-gpg-wks-server_2.2.27-3ubuntu2.5_amd64.deb ...
#25 89.25 Unpacking gpg-wks-server (2.2.27-3ubuntu2.5) ...
#25 89.37 Selecting previously unselected package gpgsm.
#25 89.37 Preparing to unpack .../212-gpgsm_2.2.27-3ubuntu2.5_amd64.deb ...
#25 89.39 Unpacking gpgsm (2.2.27-3ubuntu2.5) ...
#25 89.47 Selecting previously unselected package gnupg.
#25 89.47 Preparing to unpack .../213-gnupg_2.2.27-3ubuntu2.5_all.deb ...
#25 89.49 Unpacking gnupg (2.2.27-3ubuntu2.5) ...
#25 89.63 Selecting previously unselected package gsfonts.
#25 89.64 Preparing to unpack .../214-gsfonts_1%3a8.11+urwcyr1.0.7~pre44-4.5_all.deb ...
#25 89.65 Unpacking gsfonts (1:8.11+urwcyr1.0.7~pre44-4.5) ...
#25 90.09 Selecting previously unselected package libgraphene-1.0-0:amd64.
#25 90.09 Preparing to unpack .../215-libgraphene-1.0-0_1.10.8-1_amd64.deb ...
#25 90.10 Unpacking libgraphene-1.0-0:amd64 (1.10.8-1) ...
#25 90.22 Selecting previously unselected package gstreamer1.0-gl:amd64.
#25 90.22 Preparing to unpack .../216-gstreamer1.0-gl_1.20.1-1ubuntu0.5_amd64.deb ...
#25 90.23 Unpacking gstreamer1.0-gl:amd64 (1.20.1-1ubuntu0.5) ...
#25 90.38 Selecting previously unselected package libva2:amd64.
#25 90.38 Preparing to unpack .../217-libva2_2.14.0-1_amd64.deb ...
#25 90.39 Unpacking libva2:amd64 (2.14.0-1) ...
#25 90.53 Selecting previously unselected package libmfx1:amd64.
#25 90.53 Preparing to unpack .../218-libmfx1_22.3.0-1_amd64.deb ...
#25 90.55 Unpacking libmfx1:amd64 (22.3.0-1) ...
#25 91.20 Selecting previously unselected package libva-drm2:amd64.
#25 91.20 Preparing to unpack .../219-libva-drm2_2.14.0-1_amd64.deb ...
#25 91.21 Unpacking libva-drm2:amd64 (2.14.0-1) ...
#25 91.37 Selecting previously unselected package libva-x11-2:amd64.
#25 91.37 Preparing to unpack .../220-libva-x11-2_2.14.0-1_amd64.deb ...
#25 91.39 Unpacking libva-x11-2:amd64 (2.14.0-1) ...
#25 91.54 Selecting previously unselected package libvdpau1:amd64.
#25 91.54 Preparing to unpack .../221-libvdpau1_1.4-3build2_amd64.deb ...
#25 91.56 Unpacking libvdpau1:amd64 (1.4-3build2) ...
#25 91.71 Selecting previously unselected package ocl-icd-libopencl1:amd64.
#25 91.71 Preparing to unpack .../222-ocl-icd-libopencl1_2.2.14-3_amd64.deb ...
#25 91.72 Unpacking ocl-icd-libopencl1:amd64 (2.2.14-3) ...
#25 91.88 Selecting previously unselected package libavutil56:amd64.
#25 91.88 Preparing to unpack .../223-libavutil56_7%3a4.4.2-0ubuntu0.22.04.1_amd64.deb ...
#25 91.89 Unpacking libavutil56:amd64 (7:4.4.2-0ubuntu0.22.04.1) ...
#25 92.06 Selecting previously unselected package libpixman-1-0:amd64.
#25 92.06 Preparing to unpack .../224-libpixman-1-0_0.40.0-1ubuntu0.22.04.1_amd64.deb ...
#25 92.08 Unpacking libpixman-1-0:amd64 (0.40.0-1ubuntu0.22.04.1) ...
#25 92.23 Selecting previously unselected package libxcb-render0:amd64.
#25 92.23 Preparing to unpack .../225-libxcb-render0_1.14-3ubuntu3_amd64.deb ...
#25 92.24 Unpacking libxcb-render0:amd64 (1.14-3ubuntu3) ...
#25 92.38 Selecting previously unselected package libxrender1:amd64.
#25 92.38 Preparing to unpack .../226-libxrender1_1%3a0.9.10-1build4_amd64.deb ...
#25 92.40 Unpacking libxrender1:amd64 (1:0.9.10-1build4) ...
#25 92.54 Selecting previously unselected package libcairo2:amd64.
#25 92.54 Preparing to unpack .../227-libcairo2_1.16.0-5ubuntu2_amd64.deb ...
#25 92.56 Unpacking libcairo2:amd64 (1.16.0-5ubuntu2) ...
#25 92.71 Selecting previously unselected package libcodec2-1.0:amd64.
#25 92.71 Preparing to unpack .../228-libcodec2-1.0_1.0.1-3_amd64.deb ...
#25 92.73 Unpacking libcodec2-1.0:amd64 (1.0.1-3) ...
#25 93.00 Selecting previously unselected package libgsm1:amd64.
#25 93.01 Preparing to unpack .../229-libgsm1_1.0.19-1_amd64.deb ...
#25 93.02 Unpacking libgsm1:amd64 (1.0.19-1) ...
#25 93.14 Selecting previously unselected package libmp3lame0:amd64.
#25 93.15 Preparing to unpack .../230-libmp3lame0_3.100-3build2_amd64.deb ...
#25 93.16 Unpacking libmp3lame0:amd64 (3.100-3build2) ...
#25 93.30 Selecting previously unselected package libopus0:amd64.
#25 93.30 Preparing to unpack .../231-libopus0_1.3.1-0.1build2_amd64.deb ...
#25 93.32 Unpacking libopus0:amd64 (1.3.1-0.1build2) ...
#25 93.47 Selecting previously unselected package libcairo-gobject2:amd64.
#25 93.48 Preparing to unpack .../232-libcairo-gobject2_1.16.0-5ubuntu2_amd64.deb ...
#25 93.49 Unpacking libcairo-gobject2:amd64 (1.16.0-5ubuntu2) ...
#25 93.66 Selecting previously unselected package libgdk-pixbuf2.0-common.
#25 93.66 Preparing to unpack .../233-libgdk-pixbuf2.0-common_2.42.8+dfsg-1ubuntu0.4_all.deb ...
#25 93.68 Unpacking libgdk-pixbuf2.0-common (2.42.8+dfsg-1ubuntu0.4) ...
#25 93.93 Selecting previously unselected package libgdk-pixbuf-2.0-0:amd64.
#25 93.93 Preparing to unpack .../234-libgdk-pixbuf-2.0-0_2.42.8+dfsg-1ubuntu0.4_amd64.deb ...
#25 93.95 Unpacking libgdk-pixbuf-2.0-0:amd64 (2.42.8+dfsg-1ubuntu0.4) ...
#25 94.12 Selecting previously unselected package libgraphite2-3:amd64.
#25 94.12 Preparing to unpack .../235-libgraphite2-3_1.3.14-1build2_amd64.deb ...
#25 94.13 Unpacking libgraphite2-3:amd64 (1.3.14-1build2) ...
#25 94.28 Selecting previously unselected package libharfbuzz0b:amd64.
#25 94.28 Preparing to unpack .../236-libharfbuzz0b_2.7.4-1ubuntu3.2_amd64.deb ...
#25 94.30 Unpacking libharfbuzz0b:amd64 (2.7.4-1ubuntu3.2) ...
#25 94.42 Selecting previously unselected package libthai-data.
#25 94.43 Preparing to unpack .../237-libthai-data_0.1.29-1build1_all.deb ...
#25 94.44 Unpacking libthai-data (0.1.29-1build1) ...
#25 94.59 Selecting previously unselected package libdatrie1:amd64.
#25 94.59 Preparing to unpack .../238-libdatrie1_0.2.13-2_amd64.deb ...
#25 94.61 Unpacking libdatrie1:amd64 (0.2.13-2) ...
#25 94.76 Selecting previously unselected package libthai0:amd64.
#25 94.76 Preparing to unpack .../239-libthai0_0.1.29-1build1_amd64.deb ...
#25 94.78 Unpacking libthai0:amd64 (0.1.29-1build1) ...
#25 94.92 Selecting previously unselected package libpango-1.0-0:amd64.
#25 94.93 Preparing to unpack .../240-libpango-1.0-0_1.50.6+ds-2ubuntu1_amd64.deb ...
#25 94.94 Unpacking libpango-1.0-0:amd64 (1.50.6+ds-2ubuntu1) ...
#25 95.10 Selecting previously unselected package libpangoft2-1.0-0:amd64.
#25 95.10 Preparing to unpack .../241-libpangoft2-1.0-0_1.50.6+ds-2ubuntu1_amd64.deb ...
#25 95.11 Unpacking libpangoft2-1.0-0:amd64 (1.50.6+ds-2ubuntu1) ...
#25 95.24 Selecting previously unselected package libpangocairo-1.0-0:amd64.
#25 95.24 Preparing to unpack .../242-libpangocairo-1.0-0_1.50.6+ds-2ubuntu1_amd64.deb ...
#25 95.26 Unpacking libpangocairo-1.0-0:amd64 (1.50.6+ds-2ubuntu1) ...
#25 95.40 Selecting previously unselected package librsvg2-2:amd64.
#25 95.40 Preparing to unpack .../243-librsvg2-2_2.52.5+dfsg-3ubuntu0.2_amd64.deb ...
#25 95.42 Unpacking librsvg2-2:amd64 (2.52.5+dfsg-3ubuntu0.2) ...
#25 95.66 Selecting previously unselected package libshine3:amd64.
#25 95.66 Preparing to unpack .../244-libshine3_3.1.1-2_amd64.deb ...
#25 95.68 Unpacking libshine3:amd64 (3.1.1-2) ...
#25 95.83 Selecting previously unselected package libsnappy1v5:amd64.
#25 95.83 Preparing to unpack .../245-libsnappy1v5_1.1.8-1build3_amd64.deb ...
#25 95.84 Unpacking libsnappy1v5:amd64 (1.1.8-1build3) ...
#25 95.97 Selecting previously unselected package libspeex1:amd64.
#25 95.97 Preparing to unpack .../246-libspeex1_1.2~rc1.2-1.1ubuntu3_amd64.deb ...
#25 96.00 Unpacking libspeex1:amd64 (1.2~rc1.2-1.1ubuntu3) ...
#25 96.12 Selecting previously unselected package libsoxr0:amd64.
#25 96.13 Preparing to unpack .../247-libsoxr0_0.1.3-4build2_amd64.deb ...
#25 96.14 Unpacking libsoxr0:amd64 (0.1.3-4build2) ...
#25 96.29 Selecting previously unselected package libswresample3:amd64.
#25 96.30 Preparing to unpack .../248-libswresample3_7%3a4.4.2-0ubuntu0.22.04.1_amd64.deb ...
#25 96.31 Unpacking libswresample3:amd64 (7:4.4.2-0ubuntu0.22.04.1) ...
#25 96.46 Selecting previously unselected package libogg0:amd64.
#25 96.46 Preparing to unpack .../249-libogg0_1.3.5-0ubuntu3_amd64.deb ...
#25 96.47 Unpacking libogg0:amd64 (1.3.5-0ubuntu3) ...
#25 96.61 Selecting previously unselected package libtheora0:amd64.
#25 96.61 Preparing to unpack .../250-libtheora0_1.1.1+dfsg.1-15ubuntu4_amd64.deb ...
#25 96.63 Unpacking libtheora0:amd64 (1.1.1+dfsg.1-15ubuntu4) ...
#25 96.95 Selecting previously unselected package libtwolame0:amd64.
#25 96.95 Preparing to unpack .../251-libtwolame0_0.4.0-2build2_amd64.deb ...
#25 96.96 Unpacking libtwolame0:amd64 (0.4.0-2build2) ...
#25 97.11 Selecting previously unselected package libvorbis0a:amd64.
#25 97.11 Preparing to unpack .../252-libvorbis0a_1.3.7-1build2_amd64.deb ...
#25 97.12 Unpacking libvorbis0a:amd64 (1.3.7-1build2) ...
#25 97.26 Selecting previously unselected package libvorbisenc2:amd64.
#25 97.26 Preparing to unpack .../253-libvorbisenc2_1.3.7-1build2_amd64.deb ...
#25 97.28 Unpacking libvorbisenc2:amd64 (1.3.7-1build2) ...
#25 97.43 Selecting previously unselected package libvpx7:amd64.
#25 97.43 Preparing to unpack .../254-libvpx7_1.11.0-2ubuntu2.4_amd64.deb ...
#25 97.46 Unpacking libvpx7:amd64 (1.11.0-2ubuntu2.4) ...
#25 97.64 Selecting previously unselected package libx264-163:amd64.
#25 97.64 Preparing to unpack .../255-libx264-163_2%3a0.163.3060+git5db6aa6-2build1_amd64.deb ...
#25 97.67 Unpacking libx264-163:amd64 (2:0.163.3060+git5db6aa6-2build1) ...
#25 97.87 Selecting previously unselected package libxvidcore4:amd64.
#25 97.87 Preparing to unpack .../256-libxvidcore4_2%3a1.3.7-1_amd64.deb ...
#25 97.88 Unpacking libxvidcore4:amd64 (2:1.3.7-1) ...
#25 98.05 Selecting previously unselected package libzvbi-common.
#25 98.05 Preparing to unpack .../257-libzvbi-common_0.2.35-19_all.deb ...
#25 98.07 Unpacking libzvbi-common (0.2.35-19) ...
#25 98.22 Selecting previously unselected package libzvbi0:amd64.
#25 98.22 Preparing to unpack .../258-libzvbi0_0.2.35-19_amd64.deb ...
#25 98.23 Unpacking libzvbi0:amd64 (0.2.35-19) ...
#25 98.37 Selecting previously unselected package libavcodec58:amd64.
#25 98.37 Preparing to unpack .../259-libavcodec58_7%3a4.4.2-0ubuntu0.22.04.1_amd64.deb ...
#25 98.38 Unpacking libavcodec58:amd64 (7:4.4.2-0ubuntu0.22.04.1) ...
#25 98.64 Selecting previously unselected package libass9:amd64.
#25 98.64 Preparing to unpack .../260-libass9_1%3a0.15.2-1_amd64.deb ...
#25 98.65 Unpacking libass9:amd64 (1:0.15.2-1) ...
#25 98.80 Selecting previously unselected package libudfread0:amd64.
#25 98.80 Preparing to unpack .../261-libudfread0_1.1.2-1_amd64.deb ...
#25 98.81 Unpacking libudfread0:amd64 (1.1.2-1) ...
#25 98.95 Selecting previously unselected package libbluray2:amd64.
#25 98.95 Preparing to unpack .../262-libbluray2_1%3a1.3.1-1_amd64.deb ...
#25 98.96 Unpacking libbluray2:amd64 (1:1.3.1-1) ...
#25 99.15 Selecting previously unselected package libchromaprint1:amd64.
#25 99.15 Preparing to unpack .../263-libchromaprint1_1.5.1-2_amd64.deb ...
#25 99.19 Unpacking libchromaprint1:amd64 (1.5.1-2) ...
#25 99.46 Selecting previously unselected package libgme0:amd64.
#25 99.47 Preparing to unpack .../264-libgme0_0.6.3-2_amd64.deb ...
#25 99.48 Unpacking libgme0:amd64 (0.6.3-2) ...
#25 99.63 Selecting previously unselected package libmpg123-0:amd64.
#25 99.64 Preparing to unpack .../265-libmpg123-0_1.29.3-1ubuntu0.1_amd64.deb ...
#25 99.65 Unpacking libmpg123-0:amd64 (1.29.3-1ubuntu0.1) ...
#25 99.78 Selecting previously unselected package libvorbisfile3:amd64.
#25 99.79 Preparing to unpack .../266-libvorbisfile3_1.3.7-1build2_amd64.deb ...
#25 99.80 Unpacking libvorbisfile3:amd64 (1.3.7-1build2) ...
#25 99.92 Selecting previously unselected package libopenmpt0:amd64.
#25 99.92 Preparing to unpack .../267-libopenmpt0_0.6.1-1_amd64.deb ...
#25 99.93 Unpacking libopenmpt0:amd64 (0.6.1-1) ...
#25 100.1 Selecting previously unselected package librabbitmq4:amd64.
#25 100.1 Preparing to unpack .../268-librabbitmq4_0.10.0-1ubuntu2_amd64.deb ...
#25 100.1 Unpacking librabbitmq4:amd64 (0.10.0-1ubuntu2) ...
#25 100.3 Selecting previously unselected package libsrt1.4-gnutls:amd64.
#25 100.3 Preparing to unpack .../269-libsrt1.4-gnutls_1.4.4-4_amd64.deb ...
#25 100.3 Unpacking libsrt1.4-gnutls:amd64 (1.4.4-4) ...
#25 100.4 Selecting previously unselected package libssh-gcrypt-4:amd64.
#25 100.4 Preparing to unpack .../270-libssh-gcrypt-4_0.9.6-2ubuntu0.22.04.5_amd64.deb ...
#25 100.4 Unpacking libssh-gcrypt-4:amd64 (0.9.6-2ubuntu0.22.04.5) ...
#25 100.6 Selecting previously unselected package libnorm1:amd64.
#25 100.6 Preparing to unpack .../271-libnorm1_1.5.9+dfsg-2_amd64.deb ...
#25 100.6 Unpacking libnorm1:amd64 (1.5.9+dfsg-2) ...
#25 100.8 Selecting previously unselected package libpgm-5.3-0:amd64.
#25 100.8 Preparing to unpack .../272-libpgm-5.3-0_5.3.128~dfsg-2_amd64.deb ...
#25 100.8 Unpacking libpgm-5.3-0:amd64 (5.3.128~dfsg-2) ...
#25 101.0 Selecting previously unselected package libsodium23:amd64.
#25 101.0 Preparing to unpack .../273-libsodium23_1.0.18-1ubuntu0.22.04.1_amd64.deb ...
#25 101.0 Unpacking libsodium23:amd64 (1.0.18-1ubuntu0.22.04.1) ...
#25 101.1 Selecting previously unselected package libzmq5:amd64.
#25 101.1 Preparing to unpack .../274-libzmq5_4.3.4-2_amd64.deb ...
#25 101.1 Unpacking libzmq5:amd64 (4.3.4-2) ...
#25 101.3 Selecting previously unselected package libavformat58:amd64.
#25 101.3 Preparing to unpack .../275-libavformat58_7%3a4.4.2-0ubuntu0.22.04.1_amd64.deb ...
#25 101.3 Unpacking libavformat58:amd64 (7:4.4.2-0ubuntu0.22.04.1) ...
#25 101.4 Selecting previously unselected package libbs2b0:amd64.
#25 101.4 Preparing to unpack .../276-libbs2b0_3.1.0+dfsg-2.2build1_amd64.deb ...
#25 101.4 Unpacking libbs2b0:amd64 (3.1.0+dfsg-2.2build1) ...
#25 101.6 Selecting previously unselected package libflite1:amd64.
#25 101.6 Preparing to unpack .../277-libflite1_2.2-3_amd64.deb ...
#25 101.6 Unpacking libflite1:amd64 (2.2-3) ...
#25 102.0 Selecting previously unselected package libserd-0-0:amd64.
#25 102.0 Preparing to unpack .../278-libserd-0-0_0.30.10-2_amd64.deb ...
#25 102.0 Unpacking libserd-0-0:amd64 (0.30.10-2) ...
#25 102.1 Selecting previously unselected package libsord-0-0:amd64.
#25 102.1 Preparing to unpack .../279-libsord-0-0_0.16.8-2_amd64.deb ...
#25 102.1 Unpacking libsord-0-0:amd64 (0.16.8-2) ...
#25 102.2 Selecting previously unselected package libsratom-0-0:amd64.
#25 102.2 Preparing to unpack .../280-libsratom-0-0_0.6.8-1_amd64.deb ...
#25 102.3 Unpacking libsratom-0-0:amd64 (0.6.8-1) ...
#25 102.4 Selecting previously unselected package liblilv-0-0:amd64.
#25 102.4 Preparing to unpack .../281-liblilv-0-0_0.24.12-2_amd64.deb ...
#25 102.4 Unpacking liblilv-0-0:amd64 (0.24.12-2) ...
#25 102.6 Selecting previously unselected package libmysofa1:amd64.
#25 102.6 Preparing to unpack .../282-libmysofa1_1.2.1~dfsg0-1_amd64.deb ...
#25 102.6 Unpacking libmysofa1:amd64 (1.2.1~dfsg0-1) ...
#25 102.7 Selecting previously unselected package libblas3:amd64.
#25 102.7 Preparing to unpack .../283-libblas3_3.10.0-2ubuntu1_amd64.deb ...
#25 102.8 Unpacking libblas3:amd64 (3.10.0-2ubuntu1) ...
#25 102.9 Selecting previously unselected package libgfortran5:amd64.
#25 102.9 Preparing to unpack .../284-libgfortran5_12.3.0-1ubuntu1~22.04.2_amd64.deb ...
#25 102.9 Unpacking libgfortran5:amd64 (12.3.0-1ubuntu1~22.04.2) ...
#25 103.1 Selecting previously unselected package liblapack3:amd64.
#25 103.1 Preparing to unpack .../285-liblapack3_3.10.0-2ubuntu1_amd64.deb ...
#25 103.1 Unpacking liblapack3:amd64 (3.10.0-2ubuntu1) ...
#25 103.3 Selecting previously unselected package libasyncns0:amd64.
#25 103.3 Preparing to unpack .../286-libasyncns0_0.8-6build2_amd64.deb ...
#25 103.4 Unpacking libasyncns0:amd64 (0.8-6build2) ...
#25 103.5 Selecting previously unselected package libflac8:amd64.
#25 103.5 Preparing to unpack .../287-libflac8_1.3.3-2ubuntu0.2_amd64.deb ...
#25 103.5 Unpacking libflac8:amd64 (1.3.3-2ubuntu0.2) ...
#25 103.6 Selecting previously unselected package libsndfile1:amd64.
#25 103.7 Preparing to unpack .../288-libsndfile1_1.0.31-2ubuntu0.2_amd64.deb ...
#25 103.7 Unpacking libsndfile1:amd64 (1.0.31-2ubuntu0.2) ...
#25 103.8 Selecting previously unselected package libpulse0:amd64.
#25 103.8 Preparing to unpack .../289-libpulse0_1%3a15.99.1+dfsg1-1ubuntu2.2_amd64.deb ...
#25 103.9 Unpacking libpulse0:amd64 (1:15.99.1+dfsg1-1ubuntu2.2) ...
#25 104.1 Selecting previously unselected package libsphinxbase3:amd64.
#25 104.1 Preparing to unpack .../290-libsphinxbase3_0.8+5prealpha+1-13build1_amd64.deb ...
#25 104.1 Unpacking libsphinxbase3:amd64 (0.8+5prealpha+1-13build1) ...
#25 104.2 Selecting previously unselected package libpocketsphinx3:amd64.
#25 104.2 Preparing to unpack .../291-libpocketsphinx3_0.8.0+real5prealpha+1-14ubuntu1_amd64.deb ...
#25 104.2 Unpacking libpocketsphinx3:amd64 (0.8.0+real5prealpha+1-14ubuntu1) ...
#25 104.4 Selecting previously unselected package libpostproc55:amd64.
#25 104.4 Preparing to unpack .../292-libpostproc55_7%3a4.4.2-0ubuntu0.22.04.1_amd64.deb ...
#25 104.4 Unpacking libpostproc55:amd64 (7:4.4.2-0ubuntu0.22.04.1) ...
#25 104.5 Selecting previously unselected package libsamplerate0:amd64.
#25 104.5 Preparing to unpack .../293-libsamplerate0_0.2.2-1build1_amd64.deb ...
#25 104.5 Unpacking libsamplerate0:amd64 (0.2.2-1build1) ...
#25 104.7 Selecting previously unselected package librubberband2:amd64.
#25 104.7 Preparing to unpack .../294-librubberband2_2.0.0-2_amd64.deb ...
#25 104.7 Unpacking librubberband2:amd64 (2.0.0-2) ...
#25 104.9 Selecting previously unselected package libswscale5:amd64.
#25 104.9 Preparing to unpack .../295-libswscale5_7%3a4.4.2-0ubuntu0.22.04.1_amd64.deb ...
#25 104.9 Unpacking libswscale5:amd64 (7:4.4.2-0ubuntu0.22.04.1) ...
#25 105.0 Selecting previously unselected package libvidstab1.1:amd64.
#25 105.0 Preparing to unpack .../296-libvidstab1.1_1.1.0-2_amd64.deb ...
#25 105.1 Unpacking libvidstab1.1:amd64 (1.1.0-2) ...
#25 105.2 Selecting previously unselected package libzimg2:amd64.
#25 105.2 Preparing to unpack .../297-libzimg2_3.0.3+ds1-1_amd64.deb ...
#25 105.2 Unpacking libzimg2:amd64 (3.0.3+ds1-1) ...
#25 105.4 Selecting previously unselected package libavfilter7:amd64.
#25 105.4 Preparing to unpack .../298-libavfilter7_7%3a4.4.2-0ubuntu0.22.04.1_amd64.deb ...
#25 105.4 Unpacking libavfilter7:amd64 (7:4.4.2-0ubuntu0.22.04.1) ...
#25 105.6 Selecting previously unselected package gstreamer1.0-libav:amd64.
#25 105.6 Preparing to unpack .../299-gstreamer1.0-libav_1.20.3-0ubuntu1_amd64.deb ...
#25 105.6 Unpacking gstreamer1.0-libav:amd64 (1.20.3-0ubuntu1) ...
#25 105.7 Selecting previously unselected package libcdparanoia0:amd64.
#25 105.7 Preparing to unpack .../300-libcdparanoia0_3.10.2+debian-14build2_amd64.deb ...
#25 105.7 Unpacking libcdparanoia0:amd64 (3.10.2+debian-14build2) ...
#25 105.9 Selecting previously unselected package libvisual-0.4-0:amd64.
#25 105.9 Preparing to unpack .../301-libvisual-0.4-0_0.4.0-17build2_amd64.deb ...
#25 105.9 Unpacking libvisual-0.4-0:amd64 (0.4.0-17build2) ...
#25 106.1 Selecting previously unselected package gstreamer1.0-plugins-base:amd64.
#25 106.1 Preparing to unpack .../302-gstreamer1.0-plugins-base_1.20.1-1ubuntu0.5_amd64.deb ...
#25 106.1 Unpacking gstreamer1.0-plugins-base:amd64 (1.20.1-1ubuntu0.5) ...
#25 106.3 Selecting previously unselected package libgpm2:amd64.
#25 106.3 Preparing to unpack .../303-libgpm2_1.20.7-10build1_amd64.deb ...
#25 106.3 Unpacking libgpm2:amd64 (1.20.7-10build1) ...
#25 106.4 Selecting previously unselected package libaa1:amd64.
#25 106.4 Preparing to unpack .../304-libaa1_1.4p5-50build1_amd64.deb ...
#25 106.4 Unpacking libaa1:amd64 (1.4p5-50build1) ...
#25 106.5 Selecting previously unselected package libraw1394-11:amd64.
#25 106.5 Preparing to unpack .../305-libraw1394-11_2.1.2-2build2_amd64.deb ...
#25 106.6 Unpacking libraw1394-11:amd64 (2.1.2-2build2) ...
#25 106.7 Selecting previously unselected package libavc1394-0:amd64.
#25 106.7 Preparing to unpack .../306-libavc1394-0_0.5.4-5build2_amd64.deb ...
#25 106.7 Unpacking libavc1394-0:amd64 (0.5.4-5build2) ...
#25 106.8 Selecting previously unselected package libcaca0:amd64.
#25 106.8 Preparing to unpack .../307-libcaca0_0.99.beta19-2.2ubuntu4.1_amd64.deb ...
#25 106.8 Unpacking libcaca0:amd64 (0.99.beta19-2.2ubuntu4.1) ...
#25 107.0 Selecting previously unselected package libdv4:amd64.
#25 107.0 Preparing to unpack .../308-libdv4_1.0.0-14build1_amd64.deb ...
#25 107.0 Unpacking libdv4:amd64 (1.0.0-14build1) ...
#25 107.2 Selecting previously unselected package libgstreamer-plugins-good1.0-0:amd64.
#25 107.2 Preparing to unpack .../309-libgstreamer-plugins-good1.0-0_1.20.3-0ubuntu1.4_amd64.deb ...
#25 107.2 Unpacking libgstreamer-plugins-good1.0-0:amd64 (1.20.3-0ubuntu1.4) ...
#25 107.5 Selecting previously unselected package libiec61883-0:amd64.
#25 107.5 Preparing to unpack .../310-libiec61883-0_1.2.0-4build3_amd64.deb ...
#25 107.5 Unpacking libiec61883-0:amd64 (1.2.0-4build3) ...
#25 107.6 Selecting previously unselected package libjack-jackd2-0:amd64.
#25 107.6 Preparing to unpack .../311-libjack-jackd2-0_1.9.20~dfsg-1_amd64.deb ...
#25 107.6 Unpacking libjack-jackd2-0:amd64 (1.9.20~dfsg-1) ...
#25 107.8 Selecting previously unselected package libshout3:amd64.
#25 107.8 Preparing to unpack .../312-libshout3_2.4.5-1build3_amd64.deb ...
#25 107.8 Unpacking libshout3:amd64 (2.4.5-1build3) ...
#25 108.0 Selecting previously unselected package libtag1v5-vanilla:amd64.
#25 108.0 Preparing to unpack .../313-libtag1v5-vanilla_1.11.1+dfsg.1-3ubuntu3_amd64.deb ...
#25 108.0 Unpacking libtag1v5-vanilla:amd64 (1.11.1+dfsg.1-3ubuntu3) ...
#25 108.1 Selecting previously unselected package libtag1v5:amd64.
#25 108.1 Preparing to unpack .../314-libtag1v5_1.11.1+dfsg.1-3ubuntu3_amd64.deb ...
#25 108.1 Unpacking libtag1v5:amd64 (1.11.1+dfsg.1-3ubuntu3) ...
#25 108.2 Selecting previously unselected package libv4lconvert0:amd64.
#25 108.2 Preparing to unpack .../315-libv4lconvert0_1.22.1-2build1_amd64.deb ...
#25 108.3 Unpacking libv4lconvert0:amd64 (1.22.1-2build1) ...
#25 108.4 Selecting previously unselected package libv4l-0:amd64.
#25 108.4 Preparing to unpack .../316-libv4l-0_1.22.1-2build1_amd64.deb ...
#25 108.4 Unpacking libv4l-0:amd64 (1.22.1-2build1) ...
#25 108.6 Selecting previously unselected package libwavpack1:amd64.
#25 108.6 Preparing to unpack .../317-libwavpack1_5.4.0-1build2_amd64.deb ...
#25 108.6 Unpacking libwavpack1:amd64 (5.4.0-1build2) ...
#25 108.8 Selecting previously unselected package libxdamage1:amd64.
#25 108.8 Preparing to unpack .../318-libxdamage1_1%3a1.1.5-2build2_amd64.deb ...
#25 108.8 Unpacking libxdamage1:amd64 (1:1.1.5-2build2) ...
#25 108.9 Selecting previously unselected package libsoup2.4-common.
#25 108.9 Preparing to unpack .../319-libsoup2.4-common_2.74.2-3ubuntu0.6_all.deb ...
#25 108.9 Unpacking libsoup2.4-common (2.74.2-3ubuntu0.6) ...
#25 109.1 Selecting previously unselected package libsoup2.4-1:amd64.
#25 109.1 Preparing to unpack .../320-libsoup2.4-1_2.74.2-3ubuntu0.6_amd64.deb ...
#25 109.1 Unpacking libsoup2.4-1:amd64 (2.74.2-3ubuntu0.6) ...
#25 109.2 Selecting previously unselected package gstreamer1.0-plugins-good:amd64.
#25 109.2 Preparing to unpack .../321-gstreamer1.0-plugins-good_1.20.3-0ubuntu1.4_amd64.deb ...
#25 109.2 Unpacking gstreamer1.0-plugins-good:amd64 (1.20.3-0ubuntu1.4) ...
#25 109.5 Selecting previously unselected package liba52-0.7.4:amd64.
#25 109.5 Preparing to unpack .../322-liba52-0.7.4_0.7.4-20_amd64.deb ...
#25 109.5 Unpacking liba52-0.7.4:amd64 (0.7.4-20) ...
#25 109.7 Selecting previously unselected package libcdio19:amd64.
#25 109.7 Preparing to unpack .../323-libcdio19_2.1.0-3ubuntu0.2_amd64.deb ...
#25 109.7 Unpacking libcdio19:amd64 (2.1.0-3ubuntu0.2) ...
#25 109.8 Selecting previously unselected package libdvdread8:amd64.
#25 109.9 Preparing to unpack .../324-libdvdread8_6.1.2-1_amd64.deb ...
#25 109.9 Unpacking libdvdread8:amd64 (6.1.2-1) ...
#25 110.0 Selecting previously unselected package libmpeg2-4:amd64.
#25 110.0 Preparing to unpack .../325-libmpeg2-4_0.5.1-9_amd64.deb ...
#25 110.0 Unpacking libmpeg2-4:amd64 (0.5.1-9) ...
#25 110.2 Selecting previously unselected package libopencore-amrnb0:amd64.
#25 110.2 Preparing to unpack .../326-libopencore-amrnb0_0.1.5-1_amd64.deb ...
#25 110.2 Unpacking libopencore-amrnb0:amd64 (0.1.5-1) ...
#25 110.3 Selecting previously unselected package libopencore-amrwb0:amd64.
#25 110.3 Preparing to unpack .../327-libopencore-amrwb0_0.1.5-1_amd64.deb ...
#25 110.4 Unpacking libopencore-amrwb0:amd64 (0.1.5-1) ...
#25 110.5 Selecting previously unselected package libsidplay1v5:amd64.
#25 110.5 Preparing to unpack .../328-libsidplay1v5_1.36.60-1_amd64.deb ...
#25 110.5 Unpacking libsidplay1v5:amd64 (1.36.60-1) ...
#25 110.7 Selecting previously unselected package gstreamer1.0-plugins-ugly:amd64.
#25 110.7 Preparing to unpack .../329-gstreamer1.0-plugins-ugly_1.20.1-1_amd64.deb ...
#25 110.7 Unpacking gstreamer1.0-plugins-ugly:amd64 (1.20.1-1) ...
#25 110.8 Selecting previously unselected package gstreamer1.0-tools.
#25 110.8 Preparing to unpack .../330-gstreamer1.0-tools_1.20.3-0ubuntu1.1_amd64.deb ...
#25 110.9 Unpacking gstreamer1.0-tools (1.20.3-0ubuntu1.1) ...
#25 111.0 Selecting previously unselected package libxv1:amd64.
#25 111.0 Preparing to unpack .../331-libxv1_2%3a1.0.11-1build2_amd64.deb ...
#25 111.0 Unpacking libxv1:amd64 (2:1.0.11-1build2) ...
#25 111.1 Selecting previously unselected package gstreamer1.0-x:amd64.
#25 111.1 Preparing to unpack .../332-gstreamer1.0-x_1.20.1-1ubuntu0.5_amd64.deb ...
#25 111.1 Unpacking gstreamer1.0-x:amd64 (1.20.1-1ubuntu0.5) ...
#25 111.3 Selecting previously unselected package libigdgmm12:amd64.
#25 111.3 Preparing to unpack .../333-libigdgmm12_22.1.2+ds1-1_amd64.deb ...
#25 111.3 Unpacking libigdgmm12:amd64 (22.1.2+ds1-1) ...
#25 111.4 Selecting previously unselected package intel-media-va-driver:amd64.
#25 111.4 Preparing to unpack .../334-intel-media-va-driver_22.3.1+dfsg1-1ubuntu2_amd64.deb ...
#25 111.4 Unpacking intel-media-va-driver:amd64 (22.3.1+dfsg1-1ubuntu2) ...
#25 111.8 Selecting previously unselected package javascript-common.
#25 111.8 Preparing to unpack .../335-javascript-common_11+nmu1_all.deb ...
#25 111.8 Unpacking javascript-common (11+nmu1) ...
#25 112.0 Selecting previously unselected package libaacs0:amd64.
#25 112.0 Preparing to unpack .../336-libaacs0_0.11.1-1_amd64.deb ...
#25 112.0 Unpacking libaacs0:amd64 (0.11.1-1) ...
#25 112.1 Selecting previously unselected package libalgorithm-diff-perl.
#25 112.1 Preparing to unpack .../337-libalgorithm-diff-perl_1.201-1_all.deb ...
#25 112.1 Unpacking libalgorithm-diff-perl (1.201-1) ...
#25 112.2 Selecting previously unselected package libalgorithm-diff-xs-perl.
#25 112.2 Preparing to unpack .../338-libalgorithm-diff-xs-perl_0.04-6build3_amd64.deb ...
#25 112.3 Unpacking libalgorithm-diff-xs-perl (0.04-6build3) ...
#25 112.4 Selecting previously unselected package libalgorithm-merge-perl.
#25 112.4 Preparing to unpack .../339-libalgorithm-merge-perl_0.08-3_all.deb ...
#25 112.4 Unpacking libalgorithm-merge-perl (0.08-3) ...
#25 112.5 Selecting previously unselected package libbdplus0:amd64.
#25 112.5 Preparing to unpack .../340-libbdplus0_0.2.0-1_amd64.deb ...
#25 112.5 Unpacking libbdplus0:amd64 (0.2.0-1) ...
#25 112.9 Selecting previously unselected package libxpm4:amd64.
#25 112.9 Preparing to unpack .../341-libxpm4_1%3a3.5.12-1ubuntu0.22.04.2_amd64.deb ...
#25 113.0 Unpacking libxpm4:amd64 (1:3.5.12-1ubuntu0.22.04.2) ...
#25 113.1 Selecting previously unselected package libgd3:amd64.
#25 113.1 Preparing to unpack .../342-libgd3_2.3.0-2ubuntu2.3_amd64.deb ...
#25 113.1 Unpacking libgd3:amd64 (2.3.0-2ubuntu2.3) ...
#25 113.2 Selecting previously unselected package libc-devtools.
#25 113.2 Preparing to unpack .../343-libc-devtools_2.35-0ubuntu3.13_amd64.deb ...
#25 113.2 Unpacking libc-devtools (2.35-0ubuntu3.13) ...
#25 113.4 Selecting previously unselected package librtmp1:amd64.
#25 113.4 Preparing to unpack .../344-librtmp1_2.4+20151223.gitfa8646d.1-2build4_amd64.deb ...
#25 113.4 Unpacking librtmp1:amd64 (2.4+20151223.gitfa8646d.1-2build4) ...
#25 113.5 Selecting previously unselected package libssh-4:amd64.
#25 113.5 Preparing to unpack .../345-libssh-4_0.9.6-2ubuntu0.22.04.5_amd64.deb ...
#25 113.6 Unpacking libssh-4:amd64 (0.9.6-2ubuntu0.22.04.5) ...
#25 113.7 Selecting previously unselected package libcurl3-gnutls:amd64.
#25 113.7 Preparing to unpack .../346-libcurl3-gnutls_7.81.0-1ubuntu1.21_amd64.deb ...
#25 113.7 Unpacking libcurl3-gnutls:amd64 (7.81.0-1ubuntu1.21) ...
#25 113.9 Selecting previously unselected package libdc1394-25:amd64.
#25 113.9 Preparing to unpack .../347-libdc1394-25_2.2.6-4_amd64.deb ...
#25 113.9 Unpacking libdc1394-25:amd64 (2.2.6-4) ...
#25 114.0 Selecting previously unselected package libdecor-0-0:amd64.
#25 114.0 Preparing to unpack .../348-libdecor-0-0_0.1.0-3build1_amd64.deb ...
#25 114.1 Unpacking libdecor-0-0:amd64 (0.1.0-3build1) ...
#25 114.2 Selecting previously unselected package libdecor-0-plugin-1-cairo:amd64.
#25 114.2 Preparing to unpack .../349-libdecor-0-plugin-1-cairo_0.1.0-3build1_amd64.deb ...
#25 114.2 Unpacking libdecor-0-plugin-1-cairo:amd64 (0.1.0-3build1) ...
#25 114.3 Selecting previously unselected package libdjvulibre-text.
#25 114.3 Preparing to unpack .../350-libdjvulibre-text_3.5.28-2ubuntu0.22.04.1_all.deb ...
#25 114.3 Unpacking libdjvulibre-text (3.5.28-2ubuntu0.22.04.1) ...
#25 114.5 Selecting previously unselected package libdjvulibre21:amd64.
#25 114.5 Preparing to unpack .../351-libdjvulibre21_3.5.28-2ubuntu0.22.04.1_amd64.deb ...
#25 114.5 Unpacking libdjvulibre21:amd64 (3.5.28-2ubuntu0.22.04.1) ...
#25 114.7 Selecting previously unselected package libdvdnav4:amd64.
#25 114.7 Preparing to unpack .../352-libdvdnav4_6.1.1-1_amd64.deb ...
#25 114.7 Unpacking libdvdnav4:amd64 (6.1.1-1) ...
#25 114.8 Selecting previously unselected package libexpat1-dev:amd64.
#25 114.8 Preparing to unpack .../353-libexpat1-dev_2.4.7-1ubuntu0.7_amd64.deb ...
#25 114.8 Unpacking libexpat1-dev:amd64 (2.4.7-1ubuntu0.7) ...
#25 115.0 Selecting previously unselected package libfaad2:amd64.
#25 115.0 Preparing to unpack .../354-libfaad2_2.10.0-2_amd64.deb ...
#25 115.0 Unpacking libfaad2:amd64 (2.10.0-2) ...
#25 115.1 Selecting previously unselected package libfile-fcntllock-perl.
#25 115.1 Preparing to unpack .../355-libfile-fcntllock-perl_0.22-3build7_amd64.deb ...
#25 115.1 Unpacking libfile-fcntllock-perl (0.22-3build7) ...
#25 115.3 Selecting previously unselected package libinstpatch-1.0-2:amd64.
#25 115.3 Preparing to unpack .../356-libinstpatch-1.0-2_1.1.6-1_amd64.deb ...
#25 115.3 Unpacking libinstpatch-1.0-2:amd64 (1.1.6-1) ...
#25 115.5 Selecting previously unselected package libxcursor1:amd64.
#25 115.5 Preparing to unpack .../357-libxcursor1_1%3a1.2.0-2build4_amd64.deb ...
#25 115.5 Unpacking libxcursor1:amd64 (1:1.2.0-2build4) ...
#25 115.7 Selecting previously unselected package libxi6:amd64.
#25 115.7 Preparing to unpack .../358-libxi6_2%3a1.8-1build1_amd64.deb ...
#25 115.7 Unpacking libxi6:amd64 (2:1.8-1build1) ...
#25 115.8 Selecting previously unselected package libxinerama1:amd64.
#25 115.8 Preparing to unpack .../359-libxinerama1_2%3a1.1.4-3_amd64.deb ...
#25 115.8 Unpacking libxinerama1:amd64 (2:1.1.4-3) ...
#25 115.9 Selecting previously unselected package libxkbcommon0:amd64.
#25 115.9 Preparing to unpack .../360-libxkbcommon0_1.4.0-1_amd64.deb ...
#25 116.0 Unpacking libxkbcommon0:amd64 (1.4.0-1) ...
#25 116.1 Selecting previously unselected package libxrandr2:amd64.
#25 116.1 Preparing to unpack .../361-libxrandr2_2%3a1.5.2-1build1_amd64.deb ...
#25 116.1 Unpacking libxrandr2:amd64 (2:1.5.2-1build1) ...
#25 116.3 Selecting previously unselected package x11-common.
#25 116.3 Preparing to unpack .../362-x11-common_1%3a7.7+23ubuntu2_all.deb ...
#25 116.3 Unpacking x11-common (1:7.7+23ubuntu2) ...
#25 116.4 Selecting previously unselected package libxss1:amd64.
#25 116.4 Preparing to unpack .../363-libxss1_1%3a1.2.3-1build2_amd64.deb ...
#25 116.5 Unpacking libxss1:amd64 (1:1.2.3-1build2) ...
#25 116.6 Selecting previously unselected package libsdl2-2.0-0:amd64.
#25 116.6 Preparing to unpack .../364-libsdl2-2.0-0_2.0.20+dfsg-2ubuntu1.22.04.1_amd64.deb ...
#25 116.6 Unpacking libsdl2-2.0-0:amd64 (2.0.20+dfsg-2ubuntu1.22.04.1) ...
#25 116.8 Selecting previously unselected package timgm6mb-soundfont.
#25 116.8 Preparing to unpack .../365-timgm6mb-soundfont_1.3-5_all.deb ...
#25 116.8 Unpacking timgm6mb-soundfont (1.3-5) ...
#25 117.4 Selecting previously unselected package libfluidsynth3:amd64.
#25 117.4 Preparing to unpack .../366-libfluidsynth3_2.2.5-1_amd64.deb ...
#25 117.5 Unpacking libfluidsynth3:amd64 (2.2.5-1) ...
#25 117.6 Selecting previously unselected package libfontenc1:amd64.
#25 117.6 Preparing to unpack .../367-libfontenc1_1%3a1.1.4-1build3_amd64.deb ...
#25 117.6 Unpacking libfontenc1:amd64 (1:1.1.4-1build3) ...
#25 117.7 Selecting previously unselected package libfreeaptx0:amd64.
#25 117.7 Preparing to unpack .../368-libfreeaptx0_0.1.1-1_amd64.deb ...
#25 117.7 Unpacking libfreeaptx0:amd64 (0.1.1-1) ...
#25 117.9 Selecting previously unselected package libgdk-pixbuf2.0-bin.
#25 117.9 Preparing to unpack .../369-libgdk-pixbuf2.0-bin_2.42.8+dfsg-1ubuntu0.4_amd64.deb ...
#25 117.9 Unpacking libgdk-pixbuf2.0-bin (2.42.8+dfsg-1ubuntu0.4) ...
#25 118.0 Selecting previously unselected package libgl1-amber-dri:amd64.
#25 118.0 Preparing to unpack .../370-libgl1-amber-dri_21.3.9-0ubuntu1~22.04.1_amd64.deb ...
#25 118.0 Unpacking libgl1-amber-dri:amd64 (21.3.9-0ubuntu1~22.04.1) ...
#25 118.3 Selecting previously unselected package libgssdp-1.2-0:amd64.
#25 118.3 Preparing to unpack .../371-libgssdp-1.2-0_1.4.0.1-2build1_amd64.deb ...
#25 118.3 Unpacking libgssdp-1.2-0:amd64 (1.4.0.1-2build1) ...
#25 118.5 Selecting previously unselected package libgupnp-1.2-1:amd64.
#25 118.5 Preparing to unpack .../372-libgupnp-1.2-1_1.4.3-1_amd64.deb ...
#25 118.5 Unpacking libgupnp-1.2-1:amd64 (1.4.3-1) ...
#25 118.6 Selecting previously unselected package libgupnp-igd-1.0-4:amd64.
#25 118.6 Preparing to unpack .../373-libgupnp-igd-1.0-4_1.2.0-1build1_amd64.deb ...
#25 118.6 Unpacking libgupnp-igd-1.0-4:amd64 (1.2.0-1build1) ...
#25 118.8 Selecting previously unselected package libice6:amd64.
#25 118.8 Preparing to unpack .../374-libice6_2%3a1.0.10-1build2_amd64.deb ...
#25 118.8 Unpacking libice6:amd64 (2:1.0.10-1build2) ...
#25 118.9 Selecting previously unselected package libilmbase25:amd64.
#25 118.9 Preparing to unpack .../375-libilmbase25_2.5.7-2_amd64.deb ...
#25 119.0 Unpacking libilmbase25:amd64 (2.5.7-2) ...
#25 119.1 Selecting previously unselected package libjs-jquery.
#25 119.1 Preparing to unpack .../376-libjs-jquery_3.6.0+dfsg+~3.5.13-1_all.deb ...
#25 119.2 Unpacking libjs-jquery (3.6.0+dfsg+~3.5.13-1) ...
#25 119.3 Selecting previously unselected package libjs-underscore.
#25 119.3 Preparing to unpack .../377-libjs-underscore_1.13.2~dfsg-2_all.deb ...
#25 119.3 Unpacking libjs-underscore (1.13.2~dfsg-2) ...
#25 119.5 Selecting previously unselected package libjs-sphinxdoc.
#25 119.5 Preparing to unpack .../378-libjs-sphinxdoc_4.3.2-1_all.deb ...
#25 119.5 Unpacking libjs-sphinxdoc (4.3.2-1) ...
#25 119.6 Selecting previously unselected package libjson-glib-1.0-common.
#25 119.6 Preparing to unpack .../379-libjson-glib-1.0-common_1.6.6-1build1_all.deb ...
#25 119.7 Unpacking libjson-glib-1.0-common (1.6.6-1build1) ...
#25 119.8 Selecting previously unselected package libjson-glib-1.0-0:amd64.
#25 119.8 Preparing to unpack .../380-libjson-glib-1.0-0_1.6.6-1build1_amd64.deb ...
#25 119.8 Unpacking libjson-glib-1.0-0:amd64 (1.6.6-1build1) ...
#25 120.0 Selecting previously unselected package libjxr0:amd64.
#25 120.0 Preparing to unpack .../381-libjxr0_1.2~git20170615.f752187-5_amd64.deb ...
#25 120.0 Unpacking libjxr0:amd64 (1.2~git20170615.f752187-5) ...
#25 120.1 Selecting previously unselected package libjxr-tools.
#25 120.1 Preparing to unpack .../382-libjxr-tools_1.2~git20170615.f752187-5_amd64.deb ...
#25 120.1 Unpacking libjxr-tools (1.2~git20170615.f752187-5) ...
#25 120.2 Selecting previously unselected package libkate1:amd64.
#25 120.3 Preparing to unpack .../383-libkate1_0.4.1-11build1_amd64.deb ...
#25 120.3 Unpacking libkate1:amd64 (0.4.1-11build1) ...
#25 120.4 Selecting previously unselected package libldacbt-enc2:amd64.
#25 120.4 Preparing to unpack .../384-libldacbt-enc2_2.0.2.3+git20200429+ed310a0-4_amd64.deb ...
#25 120.4 Unpacking libldacbt-enc2:amd64 (2.0.2.3+git20200429+ed310a0-4) ...
#25 120.6 Selecting previously unselected package libldap-common.
#25 120.6 Preparing to unpack .../385-libldap-common_2.5.20+dfsg-0ubuntu0.22.04.1_all.deb ...
#25 120.6 Unpacking libldap-common (2.5.20+dfsg-0ubuntu0.22.04.1) ...
#25 120.7 Selecting previously unselected package libltc11:amd64.
#25 120.7 Preparing to unpack .../386-libltc11_1.3.1-1_amd64.deb ...
#25 120.7 Unpacking libltc11:amd64 (1.3.1-1) ...
#25 120.9 Selecting previously unselected package libopenexr25:amd64.
#25 120.9 Preparing to unpack .../387-libopenexr25_2.5.7-1_amd64.deb ...
#25 120.9 Unpacking libopenexr25:amd64 (2.5.7-1) ...
#25 121.1 Selecting previously unselected package libwmflite-0.2-7:amd64.
#25 121.1 Preparing to unpack .../388-libwmflite-0.2-7_0.2.12-5ubuntu1_amd64.deb ...
#25 121.1 Unpacking libwmflite-0.2-7:amd64 (0.2.12-5ubuntu1) ...
#25 121.2 Selecting previously unselected package libmagickcore-6.q16-6-extra:amd64.
#25 121.2 Preparing to unpack .../389-libmagickcore-6.q16-6-extra_8%3a6.9.11.60+dfsg-1.3ubuntu0.22.04.5_amd64.deb ...
#25 121.2 Unpacking libmagickcore-6.q16-6-extra:amd64 (8:6.9.11.60+dfsg-1.3ubuntu0.22.04.5) ...
#25 121.4 Selecting previously unselected package libmjpegutils-2.1-0:amd64.
#25 121.4 Preparing to unpack .../390-libmjpegutils-2.1-0_1%3a2.1.0+debian-6build1_amd64.deb ...
#25 121.4 Unpacking libmjpegutils-2.1-0:amd64 (1:2.1.0+debian-6build1) ...
#25 121.5 Selecting previously unselected package libmodplug1:amd64.
#25 121.5 Preparing to unpack .../391-libmodplug1_1%3a0.8.9.0-3_amd64.deb ...
#25 121.5 Unpacking libmodplug1:amd64 (1:0.8.9.0-3) ...
#25 121.7 Selecting previously unselected package libmpcdec6:amd64.
#25 121.7 Preparing to unpack .../392-libmpcdec6_2%3a0.1~r495-2_amd64.deb ...
#25 121.7 Unpacking libmpcdec6:amd64 (2:0.1~r495-2) ...
#25 121.9 Selecting previously unselected package libmpeg2encpp-2.1-0:amd64.
#25 121.9 Preparing to unpack .../393-libmpeg2encpp-2.1-0_1%3a2.1.0+debian-6build1_amd64.deb ...
#25 121.9 Unpacking libmpeg2encpp-2.1-0:amd64 (1:2.1.0+debian-6build1) ...
#25 122.0 Selecting previously unselected package libmplex2-2.1-0:amd64.
#25 122.0 Preparing to unpack .../394-libmplex2-2.1-0_1%3a2.1.0+debian-6build1_amd64.deb ...
#25 122.0 Unpacking libmplex2-2.1-0:amd64 (1:2.1.0+debian-6build1) ...
#25 122.2 Selecting previously unselected package libnice10:amd64.
#25 122.2 Preparing to unpack .../395-libnice10_0.1.18-2_amd64.deb ...
#25 122.2 Unpacking libnice10:amd64 (0.1.18-2) ...
#25 122.3 Selecting previously unselected package libnspr4:amd64.
#25 122.3 Preparing to unpack .../396-libnspr4_2%3a4.35-0ubuntu0.22.04.1_amd64.deb ...
#25 122.3 Unpacking libnspr4:amd64 (2:4.35-0ubuntu0.22.04.1) ...
#25 122.5 Selecting previously unselected package libnss3:amd64.
#25 122.5 Preparing to unpack .../397-libnss3_2%3a3.98-0ubuntu0.22.04.2_amd64.deb ...
#25 122.5 Unpacking libnss3:amd64 (2:3.98-0ubuntu0.22.04.2) ...
#25 122.8 Selecting previously unselected package libopenal-data.
#25 122.8 Preparing to unpack .../398-libopenal-data_1%3a1.19.1-2build3_all.deb ...
#25 122.8 Unpacking libopenal-data (1:1.19.1-2build3) ...
#25 122.9 Selecting previously unselected package libopenh264-6:amd64.
#25 123.0 Preparing to unpack .../399-libopenh264-6_2.2.0+dfsg-2_amd64.deb ...
#25 123.0 Unpacking libopenh264-6:amd64 (2.2.0+dfsg-2) ...
#25 123.1 Selecting previously unselected package libopenni2-0:amd64.
#25 123.1 Preparing to unpack .../400-libopenni2-0_2.2.0.33+dfsg-15_amd64.deb ...
#25 123.1 Unpacking libopenni2-0:amd64 (2.2.0.33+dfsg-15) ...
#25 123.3 Selecting previously unselected package libpaper-utils.
#25 123.3 Preparing to unpack .../401-libpaper-utils_1.1.28build2_amd64.deb ...
#25 123.3 Unpacking libpaper-utils (1.1.28build2) ...
#25 123.5 Selecting previously unselected package libpython3.10:amd64.
#25 123.5 Preparing to unpack .../402-libpython3.10_3.10.12-1~22.04.14_amd64.deb ...
#25 123.5 Unpacking libpython3.10:amd64 (3.10.12-1~22.04.14) ...
#25 123.7 Selecting previously unselected package zlib1g-dev:amd64.
#25 123.7 Preparing to unpack .../403-zlib1g-dev_1%3a1.2.11.dfsg-2ubuntu9.2_amd64.deb ...
#25 123.7 Unpacking zlib1g-dev:amd64 (1:1.2.11.dfsg-2ubuntu9.2) ...
#25 123.8 Selecting previously unselected package libpython3.10-dev:amd64.
#25 123.8 Preparing to unpack .../404-libpython3.10-dev_3.10.12-1~22.04.14_amd64.deb ...
#25 123.8 Unpacking libpython3.10-dev:amd64 (3.10.12-1~22.04.14) ...
#25 124.2 Selecting previously unselected package libpython3-dev:amd64.
#25 124.2 Preparing to unpack .../405-libpython3-dev_3.10.6-1~22.04.1_amd64.deb ...
#25 124.2 Unpacking libpython3-dev:amd64 (3.10.6-1~22.04.1) ...
#25 124.4 Selecting previously unselected package libqrencode4:amd64.
#25 124.4 Preparing to unpack .../406-libqrencode4_4.1.1-1_amd64.deb ...
#25 124.4 Unpacking libqrencode4:amd64 (4.1.1-1) ...
#25 124.5 Selecting previously unselected package librsvg2-common:amd64.
#25 124.5 Preparing to unpack .../407-librsvg2-common_2.52.5+dfsg-3ubuntu0.2_amd64.deb ...
#25 124.5 Unpacking librsvg2-common:amd64 (2.52.5+dfsg-3ubuntu0.2) ...
#25 124.6 Selecting previously unselected package libsasl2-modules:amd64.
#25 124.6 Preparing to unpack .../408-libsasl2-modules_2.1.27+dfsg2-3ubuntu1.2_amd64.deb ...
#25 124.6 Unpacking libsasl2-modules:amd64 (2.1.27+dfsg2-3ubuntu1.2) ...
#25 124.8 Selecting previously unselected package libsm6:amd64.
#25 124.8 Preparing to unpack .../409-libsm6_2%3a1.2.3-1build2_amd64.deb ...
#25 124.8 Unpacking libsm6:amd64 (2:1.2.3-1build2) ...
#25 124.9 Selecting previously unselected package libsndio7.0:amd64.
#25 124.9 Preparing to unpack .../410-libsndio7.0_1.8.1-1.1_amd64.deb ...
#25 124.9 Unpacking libsndio7.0:amd64 (1.8.1-1.1) ...
#25 125.1 Selecting previously unselected package libsoundtouch1:amd64.
#25 125.1 Preparing to unpack .../411-libsoundtouch1_2.3.1+ds1-1_amd64.deb ...
#25 125.1 Unpacking libsoundtouch1:amd64 (2.3.1+ds1-1) ...
#25 125.2 Selecting previously unselected package libspandsp2:amd64.
#25 125.2 Preparing to unpack .../412-libspandsp2_0.0.6+dfsg-2_amd64.deb ...
#25 125.2 Unpacking libspandsp2:amd64 (0.0.6+dfsg-2) ...
#25 125.4 Selecting previously unselected package libsrtp2-1:amd64.
#25 125.4 Preparing to unpack .../413-libsrtp2-1_2.4.2-2_amd64.deb ...
#25 125.4 Unpacking libsrtp2-1:amd64 (2.4.2-2) ...
#25 125.5 Selecting previously unselected package libutempter0:amd64.
#25 125.5 Preparing to unpack .../414-libutempter0_1.2.1-2build2_amd64.deb ...
#25 125.5 Unpacking libutempter0:amd64 (1.2.1-2build2) ...
#25 125.7 Selecting previously unselected package libwebrtc-audio-processing1:amd64.
#25 125.7 Preparing to unpack .../415-libwebrtc-audio-processing1_0.3.1-0ubuntu5_amd64.deb ...
#25 125.7 Unpacking libwebrtc-audio-processing1:amd64 (0.3.1-0ubuntu5) ...
#25 125.8 Selecting previously unselected package libwildmidi2:amd64.
#25 125.8 Preparing to unpack .../416-libwildmidi2_0.4.3-1_amd64.deb ...
#25 125.8 Unpacking libwildmidi2:amd64 (0.4.3-1) ...
#25 126.0 Selecting previously unselected package libxt6:amd64.
#25 126.0 Preparing to unpack .../417-libxt6_1%3a1.2.1-1_amd64.deb ...
#25 126.0 Unpacking libxt6:amd64 (1:1.2.1-1) ...
#25 126.1 Selecting previously unselected package libxmu6:amd64.
#25 126.1 Preparing to unpack .../418-libxmu6_2%3a1.1.3-3_amd64.deb ...
#25 126.2 Unpacking libxmu6:amd64 (2:1.1.3-3) ...
#25 126.4 Selecting previously unselected package libxaw7:amd64.
#25 126.4 Preparing to unpack .../419-libxaw7_2%3a1.0.14-1_amd64.deb ...
#25 126.4 Unpacking libxaw7:amd64 (2:1.0.14-1) ...
#25 126.5 Selecting previously unselected package libxcb-shape0:amd64.
#25 126.5 Preparing to unpack .../420-libxcb-shape0_1.14-3ubuntu3_amd64.deb ...
#25 126.5 Unpacking libxcb-shape0:amd64 (1.14-3ubuntu3) ...
#25 126.7 Selecting previously unselected package libxcomposite1:amd64.
#25 126.7 Preparing to unpack .../421-libxcomposite1_1%3a0.4.5-1build2_amd64.deb ...
#25 126.7 Unpacking libxcomposite1:amd64 (1:0.4.5-1build2) ...
#25 126.8 Selecting previously unselected package libxfont2:amd64.
#25 126.8 Preparing to unpack .../422-libxfont2_1%3a2.0.5-1build1_amd64.deb ...
#25 126.8 Unpacking libxfont2:amd64 (1:2.0.5-1build1) ...
#25 126.9 Selecting previously unselected package libxft2:amd64.
#25 126.9 Preparing to unpack .../423-libxft2_2.3.4-1_amd64.deb ...
#25 127.0 Unpacking libxft2:amd64 (2.3.4-1) ...
#25 127.1 Selecting previously unselected package libxkbfile1:amd64.
#25 127.1 Preparing to unpack .../424-libxkbfile1_1%3a1.1.0-1build3_amd64.deb ...
#25 127.1 Unpacking libxkbfile1:amd64 (1:1.1.0-1build3) ...
#25 127.2 Selecting previously unselected package libxtst6:amd64.
#25 127.2 Preparing to unpack .../425-libxtst6_2%3a1.2.3-1build4_amd64.deb ...
#25 127.2 Unpacking libxtst6:amd64 (2:1.2.3-1build4) ...
#25 127.4 Selecting previously unselected package libxxf86dga1:amd64.
#25 127.4 Preparing to unpack .../426-libxxf86dga1_2%3a1.1.5-0ubuntu3_amd64.deb ...
#25 127.4 Unpacking libxxf86dga1:amd64 (2:1.1.5-0ubuntu3) ...
#25 127.5 Selecting previously unselected package libzbar0:amd64.
#25 127.5 Preparing to unpack .../427-libzbar0_0.23.92-4build2_amd64.deb ...
#25 127.5 Unpacking libzbar0:amd64 (0.23.92-4build2) ...
#25 127.7 Selecting previously unselected package libzxingcore1:amd64.
#25 127.7 Preparing to unpack .../428-libzxingcore1_1.2.0-1_amd64.deb ...
#25 127.7 Unpacking libzxingcore1:amd64 (1.2.0-1) ...
#25 127.8 Selecting previously unselected package manpages-dev.
#25 127.8 Preparing to unpack .../429-manpages-dev_5.10-1ubuntu1_all.deb ...
#25 127.8 Unpacking manpages-dev (5.10-1ubuntu1) ...
#25 128.4 Selecting previously unselected package libgles2:amd64.
#25 128.4 Preparing to unpack .../430-libgles2_1.4.0-1_amd64.deb ...
#25 128.4 Unpacking libgles2:amd64 (1.4.0-1) ...
#25 128.5 Selecting previously unselected package mesa-utils-bin:amd64.
#25 128.5 Preparing to unpack .../431-mesa-utils-bin_8.4.0-1ubuntu1_amd64.deb ...
#25 128.5 Unpacking mesa-utils-bin:amd64 (8.4.0-1ubuntu1) ...
#25 128.7 Selecting previously unselected package mesa-va-drivers:amd64.
#25 128.7 Preparing to unpack .../432-mesa-va-drivers_23.2.1-1ubuntu3.1~22.04.3_amd64.deb ...
#25 128.7 Unpacking mesa-va-drivers:amd64 (23.2.1-1ubuntu3.1~22.04.3) ...
#25 129.0 Selecting previously unselected package mesa-vdpau-drivers:amd64.
#25 129.0 Preparing to unpack .../433-mesa-vdpau-drivers_23.2.1-1ubuntu3.1~22.04.3_amd64.deb ...
#25 129.0 Unpacking mesa-vdpau-drivers:amd64 (23.2.1-1ubuntu3.1~22.04.3) ...
#25 129.3 Selecting previously unselected package python3.10-dev.
#25 129.3 Preparing to unpack .../434-python3.10-dev_3.10.12-1~22.04.14_amd64.deb ...
#25 129.3 Unpacking python3.10-dev (3.10.12-1~22.04.14) ...
#25 129.5 Selecting previously unselected package python3-lib2to3.
#25 129.5 Preparing to unpack .../435-python3-lib2to3_3.10.8-1~22.04_all.deb ...
#25 129.5 Unpacking python3-lib2to3 (3.10.8-1~22.04) ...
#25 129.7 Selecting previously unselected package python3-distutils.
#25 129.7 Preparing to unpack .../436-python3-distutils_3.10.8-1~22.04_all.deb ...
#25 129.7 Unpacking python3-distutils (3.10.8-1~22.04) ...
#25 129.9 Selecting previously unselected package python3-dev.
#25 129.9 Preparing to unpack .../437-python3-dev_3.10.6-1~22.04.1_amd64.deb ...
#25 129.9 Unpacking python3-dev (3.10.6-1~22.04.1) ...
#25 130.0 Selecting previously unselected package python3-setuptools.
#25 130.0 Preparing to unpack .../438-python3-setuptools_59.6.0-1.2ubuntu0.22.04.3_all.deb ...
#25 130.1 Unpacking python3-setuptools (59.6.0-1.2ubuntu0.22.04.3) ...
#25 130.3 Selecting previously unselected package python3-wheel.
#25 130.3 Preparing to unpack .../439-python3-wheel_0.37.1-2ubuntu0.22.04.1_all.deb ...
#25 130.3 Unpacking python3-wheel (0.37.1-2ubuntu0.22.04.1) ...
#25 130.5 Selecting previously unselected package python3-pip.
#25 130.5 Preparing to unpack .../440-python3-pip_22.0.2+dfsg-1ubuntu0.7_all.deb ...
#25 130.5 Unpacking python3-pip (22.0.2+dfsg-1ubuntu0.7) ...
#25 130.9 Selecting previously unselected package i965-va-driver:amd64.
#25 131.0 Preparing to unpack .../441-i965-va-driver_2.4.1+dfsg1-1_amd64.deb ...
#25 131.0 Unpacking i965-va-driver:amd64 (2.4.1+dfsg1-1) ...
#25 131.1 Selecting previously unselected package va-driver-all:amd64.
#25 131.1 Preparing to unpack .../442-va-driver-all_2.14.0-1_amd64.deb ...
#25 131.2 Unpacking va-driver-all:amd64 (2.14.0-1) ...
#25 131.3 Selecting previously unselected package vdpau-driver-all:amd64.
#25 131.3 Preparing to unpack .../443-vdpau-driver-all_1.4-3build2_amd64.deb ...
#25 131.3 Unpacking vdpau-driver-all:amd64 (1.4-3build2) ...
#25 131.4 Selecting previously unselected package x11-utils.
#25 131.4 Preparing to unpack .../444-x11-utils_7.7+5build2_amd64.deb ...
#25 131.4 Unpacking x11-utils (7.7+5build2) ...
#25 131.5 Selecting previously unselected package x11-xkb-utils.
#25 131.6 Preparing to unpack .../445-x11-xkb-utils_7.7+5build4_amd64.deb ...
#25 131.6 Unpacking x11-xkb-utils (7.7+5build4) ...
#25 131.7 Selecting previously unselected package x11-xserver-utils.
#25 131.7 Preparing to unpack .../446-x11-xserver-utils_7.7+9build1_amd64.deb ...
#25 131.7 Unpacking x11-xserver-utils (7.7+9build1) ...
#25 131.9 Selecting previously unselected package xbitmaps.
#25 131.9 Preparing to unpack .../447-xbitmaps_1.1.1-2.1ubuntu1_all.deb ...
#25 131.9 Unpacking xbitmaps (1.1.1-2.1ubuntu1) ...
#25 132.0 Selecting previously unselected package xfonts-encodings.
#25 132.0 Preparing to unpack .../448-xfonts-encodings_1%3a1.0.5-0ubuntu2_all.deb ...
#25 132.1 Unpacking xfonts-encodings (1:1.0.5-0ubuntu2) ...
#25 132.2 Selecting previously unselected package xfonts-utils.
#25 132.2 Preparing to unpack .../449-xfonts-utils_1%3a7.7+6build2_amd64.deb ...
#25 132.2 Unpacking xfonts-utils (1:7.7+6build2) ...
#25 132.4 Selecting previously unselected package xfonts-base.
#25 132.4 Preparing to unpack .../450-xfonts-base_1%3a1.0.5_all.deb ...
#25 132.4 Unpacking xfonts-base (1:1.0.5) ...
#25 133.0 Selecting previously unselected package xserver-common.
#25 133.0 Preparing to unpack .../451-xserver-common_2%3a21.1.4-2ubuntu1.7~22.04.16_all.deb ...
#25 133.1 Unpacking xserver-common (2:21.1.4-2ubuntu1.7~22.04.16) ...
#25 133.2 Selecting previously unselected package xterm.
#25 133.2 Preparing to unpack .../452-xterm_372-1ubuntu1_amd64.deb ...
#25 133.2 Unpacking xterm (372-1ubuntu1) ...
#25 133.4 Selecting previously unselected package xvfb.
#25 133.4 Preparing to unpack .../453-xvfb_2%3a21.1.4-2ubuntu1.7~22.04.16_amd64.deb ...
#25 133.5 Unpacking xvfb (2:21.1.4-2ubuntu1.7~22.04.16) ...
#25 133.6 Selecting previously unselected package libgstreamer-plugins-bad1.0-0:amd64.
#25 133.6 Preparing to unpack .../454-libgstreamer-plugins-bad1.0-0_1.20.3-0ubuntu1.1_amd64.deb ...
#25 133.6 Unpacking libgstreamer-plugins-bad1.0-0:amd64 (1.20.3-0ubuntu1.1) ...
#25 133.8 Selecting previously unselected package gir1.2-gst-plugins-bad-1.0:amd64.
#25 133.8 Preparing to unpack .../455-gir1.2-gst-plugins-bad-1.0_1.20.3-0ubuntu1.1_amd64.deb ...
#25 133.8 Unpacking gir1.2-gst-plugins-bad-1.0:amd64 (1.20.3-0ubuntu1.1) ...
#25 134.0 Selecting previously unselected package libdca0:amd64.
#25 134.0 Preparing to unpack .../456-libdca0_0.0.7-2_amd64.deb ...
#25 134.0 Unpacking libdca0:amd64 (0.0.7-2) ...
#25 134.1 Selecting previously unselected package libopenal1:amd64.
#25 134.2 Preparing to unpack .../457-libopenal1_1%3a1.19.1-2build3_amd64.deb ...
#25 134.2 Unpacking libopenal1:amd64 (1:1.19.1-2build3) ...
#25 134.3 Selecting previously unselected package libsbc1:amd64.
#25 134.3 Preparing to unpack .../458-libsbc1_1.5-3build2_amd64.deb ...
#25 134.3 Unpacking libsbc1:amd64 (1.5-3build2) ...
#25 134.5 Selecting previously unselected package libvo-aacenc0:amd64.
#25 134.5 Preparing to unpack .../459-libvo-aacenc0_0.1.3-2_amd64.deb ...
#25 134.5 Unpacking libvo-aacenc0:amd64 (0.1.3-2) ...
#25 134.6 Selecting previously unselected package libvo-amrwbenc0:amd64.
#25 134.6 Preparing to unpack .../460-libvo-amrwbenc0_0.1.3-2_amd64.deb ...
#25 134.6 Unpacking libvo-amrwbenc0:amd64 (0.1.3-2) ...
#25 134.8 Selecting previously unselected package gstreamer1.0-plugins-bad:amd64.
#25 134.8 Preparing to unpack .../461-gstreamer1.0-plugins-bad_1.20.3-0ubuntu1.1_amd64.deb ...
#25 134.8 Unpacking gstreamer1.0-plugins-bad:amd64 (1.20.3-0ubuntu1.1) ...
#25 135.1 Selecting previously unselected package mesa-utils.
#25 135.1 Preparing to unpack .../462-mesa-utils_8.4.0-1ubuntu1_amd64.deb ...
#25 135.1 Unpacking mesa-utils (8.4.0-1ubuntu1) ...
#25 135.3 Selecting previously unselected package pocketsphinx-en-us.
#25 135.3 Preparing to unpack .../463-pocketsphinx-en-us_0.8.0+real5prealpha+1-14ubuntu1_all.deb ...
#25 135.3 Unpacking pocketsphinx-en-us (0.8.0+real5prealpha+1-14ubuntu1) ...
#25 136.0 Setting up libgme0:amd64 (0.6.3-2) ...
#25 136.1 Setting up libssh-gcrypt-4:amd64 (0.9.6-2ubuntu0.22.04.5) ...
#25 136.1 Setting up libksba8:amd64 (1.6.0-2ubuntu0.2) ...
#25 136.1 Setting up media-types (7.0.0) ...
#25 136.2 Setting up javascript-common (11+nmu1) ...
#25 136.3 Setting up libgraphite2-3:amd64 (1.3.14-1build2) ...
#25 136.4 Setting up libsrt1.4-gnutls:amd64 (1.4.4-4) ...
#25 136.4 Setting up liblcms2-2:amd64 (2.12~rc1-2build2) ...
#25 136.5 Setting up libpixman-1-0:amd64 (0.40.0-1ubuntu0.22.04.1) ...
#25 136.5 Setting up libfreeaptx0:amd64 (0.1.1-1) ...
#25 136.5 Setting up libudfread0:amd64 (1.1.2-1) ...
#25 136.6 Setting up libmodplug1:amd64 (1:0.8.9.0-3) ...
#25 136.6 Setting up libcdparanoia0:amd64 (3.10.2+debian-14build2) ...
#25 136.7 Setting up gcc-11-base:amd64 (11.4.0-1ubuntu1~22.04.3) ...
#25 136.7 Setting up libwayland-server0:amd64 (1.20.0-1ubuntu0.1) ...
#25 136.7 Setting up libaom3:amd64 (3.3.0-1ubuntu0.1) ...
#25 136.8 Setting up libvo-amrwbenc0:amd64 (0.1.3-2) ...
#25 136.8 Setting up libpciaccess0:amd64 (0.16-3) ...
#25 136.8 Setting up librabbitmq4:amd64 (0.10.0-1ubuntu2) ...
#25 136.9 Setting up systemd-sysv (249.11-0ubuntu3.17) ...
#25 136.9 Setting up libxau6:amd64 (1:1.0.9-1build5) ...
#25 137.0 Setting up imagemagick-6-common (8:6.9.11.60+dfsg-1.3ubuntu0.22.04.5) ...
#25 137.3 Setting up libraw1394-11:amd64 (2.1.2-2build2) ...
#25 137.3 Setting up libsbc1:amd64 (1.5-3build2) ...
#25 137.3 Setting up lto-disabled-list (24) ...
#25 137.4 Setting up libproxy1v5:amd64 (0.4.17-2) ...
#25 137.4 Setting up libpsl5:amd64 (0.21.0-1.2build2) ...
#25 137.5 Setting up libkate1:amd64 (0.4.1-11build1) ...
#25 137.5 Setting up libcodec2-1.0:amd64 (1.0.1-3) ...
#25 137.5 Setting up libsodium23:amd64 (1.0.18-1ubuntu0.22.04.1) ...
#25 137.6 Setting up libgpm2:amd64 (1.20.7-10build1) ...
#25 137.6 Setting up libmpg123-0:amd64 (1.29.3-1ubuntu0.1) ...
#25 137.7 Setting up libogg0:amd64 (1.3.5-0ubuntu3) ...
#25 137.7 Setting up libspeex1:amd64 (1.2~rc1.2-1.1ubuntu3) ...
#25 137.7 Setting up fonts-noto-mono (20201225-1build1) ...
#25 137.8 Setting up libshine3:amd64 (3.1.1-2) ...
#25 137.8 Setting up libwmflite-0.2-7:amd64 (0.2.12-5ubuntu1) ...
#25 137.9 Setting up libtwolame0:amd64 (0.4.0-2build2) ...
#25 137.9 Setting up libqrencode4:amd64 (4.1.1-1) ...
#25 137.9 Setting up libdatrie1:amd64 (0.2.13-2) ...
#25 138.0 Setting up xdg-user-dirs (0.17-2ubuntu4) ...
#25 138.1 Setting up libgsm1:amd64 (1.0.19-1) ...
#25 138.1 Setting up libvisual-0.4-0:amd64 (0.4.0-17build2) ...
#25 138.2 Setting up libglib2.0-0:amd64 (2.72.4-0ubuntu2.9) ...
#25 138.4 Setting up manpages (5.10-1ubuntu1) ...
#25 138.4 Setting up libglvnd0:amd64 (1.4.0-1) ...
#25 138.4 Setting up libsidplay1v5:amd64 (1.36.60-1) ...
#25 138.5 Setting up libpgm-5.3-0:amd64 (5.3.128~dfsg-2) ...
#25 138.5 Setting up libijs-0.35:amd64 (0.35-15build2) ...
#25 138.6 Setting up libjxr0:amd64 (1.2~git20170615.f752187-5) ...
#25 138.6 Setting up libbrotli1:amd64 (1.0.9-2build6) ...
#25 138.6 Setting up libsqlite3-0:amd64 (3.37.2-2ubuntu0.5) ...
#25 138.7 Setting up libsasl2-modules:amd64 (2.1.27+dfsg2-3ubuntu1.2) ...
#25 138.7 Setting up libgdk-pixbuf2.0-common (2.42.8+dfsg-1ubuntu0.4) ...
#25 138.8 Setting up libnorm1:amd64 (1.5.9+dfsg-2) ...
#25 138.8 Setting up libmysofa1:amd64 (1.2.1~dfsg0-1) ...
#25 138.9 Setting up binutils-common:amd64 (2.38-4ubuntu2.12) ...
#25 138.9 Setting up x11-common (1:7.7+23ubuntu2) ...
#25 139.3 invoke-rc.d: could not determine current runlevel
#25 139.4 invoke-rc.d: policy-rc.d denied execution of start.
#25 139.4 Setting up libsensors-config (1:3.6.0-7ubuntu1) ...
#25 139.5 Setting up libnghttp2-14:amd64 (1.43.0-1ubuntu0.2) ...
#25 139.5 Setting up libldacbt-enc2:amd64 (2.0.2.3+git20200429+ed310a0-4) ...
#25 139.6 Setting up libdeflate0:amd64 (1.10-2) ...
#25 139.6 Setting up libwebrtc-audio-processing1:amd64 (0.3.1-0ubuntu5) ...
#25 139.6 Setting up linux-libc-dev:amd64 (5.15.0-170.180) ...
#25 139.7 Setting up libctf-nobfd0:amd64 (2.38-4ubuntu2.12) ...
#25 139.7 Setting up libnss-systemd:amd64 (249.11-0ubuntu3.17) ...
#25 139.8 First installation detected...
#25 139.8 Checking NSS setup...
#25 139.8 Setting up xkb-data (2.33-1) ...
#25 139.8 Setting up libnpth0:amd64 (1.6-3build2) ...
#25 139.9 Setting up libilmbase25:amd64 (2.5.7-2) ...
#25 139.9 Setting up libigdgmm12:amd64 (22.1.2+ds1-1) ...
#25 140.0 Setting up fonts-urw-base35 (20200910-1) ...
#25 140.3 Setting up libassuan0:amd64 (2.5.5-1build1) ...
#25 140.3 Setting up libmpeg2-4:amd64 (0.5.1-9) ...
#25 140.3 Setting up libgomp1:amd64 (12.3.0-1ubuntu1~22.04.2) ...
#25 140.4 Setting up libcdio19:amd64 (2.1.0-3ubuntu0.2) ...
#25 140.4 Setting up perl-modules-5.34 (5.34.0-3ubuntu1.5) ...
#25 140.4 Setting up libxvidcore4:amd64 (2:1.3.7-1) ...
#25 140.5 Setting up bzip2 (1.0.8-5build1) ...
#25 140.5 Setting up libldap-common (2.5.20+dfsg-0ubuntu0.22.04.1) ...
#25 140.5 Setting up libunwind8:amd64 (1.3.2-2build2.1) ...
#25 140.6 Setting up libmpcdec6:amd64 (2:0.1~r495-2) ...
#25 140.6 Setting up libjbig0:amd64 (2.1-3.1ubuntu0.22.04.1) ...
#25 140.6 Setting up libfakeroot:amd64 (1.28-1ubuntu1) ...
#25 140.7 Setting up libasan6:amd64 (11.4.0-1ubuntu1~22.04.3) ...
#25 140.7 Setting up libflac8:amd64 (1.3.3-2ubuntu0.2) ...
#25 141.2 Setting up libsnappy1v5:amd64 (1.1.8-1build3) ...
#25 141.2 Setting up poppler-data (0.4.11-1) ...
#25 141.4 Setting up libvo-aacenc0:amd64 (0.1.3-2) ...
#25 141.4 Setting up libsasl2-modules-db:amd64 (2.1.27+dfsg2-3ubuntu1.2) ...
#25 141.4 Setting up libcap2-bin (1:2.44-1ubuntu0.22.04.2) ...
#25 141.5 Setting up libopenexr25:amd64 (2.5.7-1) ...
#25 141.5 Setting up fakeroot (1.28-1ubuntu1) ...
#25 141.5 update-alternatives: using /usr/bin/fakeroot-sysv to provide /usr/bin/fakeroot (fakeroot) in auto mode
#25 141.5 update-alternatives: warning: skip creation of /usr/share/man/man1/fakeroot.1.gz because associated file /usr/share/man/man1/fakeroot-sysv.1.gz (of link group fakeroot) doesn't exist
#25 141.5 update-alternatives: warning: skip creation of /usr/share/man/man1/faked.1.gz because associated file /usr/share/man/man1/faked-sysv.1.gz (of link group fakeroot) doesn't exist
#25 141.5 update-alternatives: warning: skip creation of /usr/share/man/es/man1/fakeroot.1.gz because associated file /usr/share/man/es/man1/fakeroot-sysv.1.gz (of link group fakeroot) doesn't exist
#25 141.5 update-alternatives: warning: skip creation of /usr/share/man/es/man1/faked.1.gz because associated file /usr/share/man/es/man1/faked-sysv.1.gz (of link group fakeroot) doesn't exist
#25 141.5 update-alternatives: warning: skip creation of /usr/share/man/fr/man1/fakeroot.1.gz because associated file /usr/share/man/fr/man1/fakeroot-sysv.1.gz (of link group fakeroot) doesn't exist
#25 141.5 update-alternatives: warning: skip creation of /usr/share/man/fr/man1/faked.1.gz because associated file /usr/share/man/fr/man1/faked-sysv.1.gz (of link group fakeroot) doesn't exist
#25 141.5 update-alternatives: warning: skip creation of /usr/share/man/sv/man1/fakeroot.1.gz because associated file /usr/share/man/sv/man1/fakeroot-sysv.1.gz (of link group fakeroot) doesn't exist
#25 141.5 update-alternatives: warning: skip creation of /usr/share/man/sv/man1/faked.1.gz because associated file /usr/share/man/sv/man1/faked-sysv.1.gz (of link group fakeroot) doesn't exist
#25 141.6 Setting up libdconf1:amd64 (0.40.0-3ubuntu0.1) ...
#25 141.6 Setting up libasound2-data (1.2.6.1-1ubuntu1.1) ...
#25 141.6 Setting up liba52-0.7.4:amd64 (0.7.4-20) ...
#25 141.7 Setting up libopencore-amrwb0:amd64 (0.1.5-1) ...
#25 141.7 Setting up libfontenc1:amd64 (1:1.1.4-1build3) ...
#25 141.8 Setting up libblas3:amd64 (3.10.0-2ubuntu1) ...
#25 141.8 update-alternatives: using /usr/lib/x86_64-linux-gnu/blas/libblas.so.3 to provide /usr/lib/x86_64-linux-gnu/libblas.so.3 (libblas.so.3-x86_64-linux-gnu) in auto mode
#25 141.8 Setting up libsoundtouch1:amd64 (2.3.1+ds1-1) ...
#25 141.8 Setting up libglib2.0-data (2.72.4-0ubuntu2.9) ...
#25 141.9 Setting up libtirpc-dev:amd64 (1.3.2-2ubuntu0.1) ...
#25 141.9 Setting up rpcsvc-proto (1.4.2-0ubuntu6) ...
#25 142.0 Setting up libgles2:amd64 (1.4.0-1) ...
#25 142.0 Setting up libdvdread8:amd64 (6.1.2-1) ...
#25 142.1 Setting up libslang2:amd64 (2.3.2-5build4) ...
#25 142.1 Setting up libva2:amd64 (2.14.0-1) ...
#25 142.1 Setting up libx11-data (2:1.7.5-1ubuntu0.3) ...
#25 142.2 Setting up make (4.3-4.1build1) ...
#25 142.2 Setting up libmpfr6:amd64 (4.1.0-3build3) ...
#25 142.3 Setting up libnspr4:amd64 (2:4.35-0ubuntu0.22.04.1) ...
#25 142.3 Setting up gnupg-l10n (2.2.27-3ubuntu2.5) ...
#25 142.3 Setting up libjbig2dec0:amd64 (0.19-3build2) ...
#25 142.4 Setting up librtmp1:amd64 (2.4+20151223.gitfa8646d.1-2build4) ...
#25 142.4 Setting up gsfonts (1:8.11+urwcyr1.0.7~pre44-4.5) ...
#25 142.5 Setting up libavahi-common-data:amd64 (0.8-5ubuntu5.4) ...
#25 142.6 Setting up libx264-163:amd64 (2:0.163.3060+git5db6aa6-2build1) ...
#25 142.6 Setting up libdbus-1-3:amd64 (1.12.20-2ubuntu4.1) ...
#25 142.6 Setting up dbus (1.12.20-2ubuntu4.1) ...
#25 143.2 Setting up xz-utils (5.2.5-2ubuntu1) ...
#25 143.2 update-alternatives: using /usr/bin/xz to provide /usr/bin/lzma (lzma) in auto mode
#25 143.2 update-alternatives: warning: skip creation of /usr/share/man/man1/lzma.1.gz because associated file /usr/share/man/man1/xz.1.gz (of link group lzma) doesn't exist
#25 143.2 update-alternatives: warning: skip creation of /usr/share/man/man1/unlzma.1.gz because associated file /usr/share/man/man1/unxz.1.gz (of link group lzma) doesn't exist
#25 143.2 update-alternatives: warning: skip creation of /usr/share/man/man1/lzcat.1.gz because associated file /usr/share/man/man1/xzcat.1.gz (of link group lzma) doesn't exist
#25 143.2 update-alternatives: warning: skip creation of /usr/share/man/man1/lzmore.1.gz because associated file /usr/share/man/man1/xzmore.1.gz (of link group lzma) doesn't exist
#25 143.2 update-alternatives: warning: skip creation of /usr/share/man/man1/lzless.1.gz because associated file /usr/share/man/man1/xzless.1.gz (of link group lzma) doesn't exist
#25 143.2 update-alternatives: warning: skip creation of /usr/share/man/man1/lzdiff.1.gz because associated file /usr/share/man/man1/xzdiff.1.gz (of link group lzma) doesn't exist
#25 143.2 update-alternatives: warning: skip creation of /usr/share/man/man1/lzcmp.1.gz because associated file /usr/share/man/man1/xzcmp.1.gz (of link group lzma) doesn't exist
#25 143.2 update-alternatives: warning: skip creation of /usr/share/man/man1/lzgrep.1.gz because associated file /usr/share/man/man1/xzgrep.1.gz (of link group lzma) doesn't exist
#25 143.2 update-alternatives: warning: skip creation of /usr/share/man/man1/lzegrep.1.gz because associated file /usr/share/man/man1/xzegrep.1.gz (of link group lzma) doesn't exist
#25 143.2 update-alternatives: warning: skip creation of /usr/share/man/man1/lzfgrep.1.gz because associated file /usr/share/man/man1/xzfgrep.1.gz (of link group lzma) doesn't exist
#25 143.2 Setting up xfonts-encodings (1:1.0.5-0ubuntu2) ...
#25 143.3 Setting up libfribidi0:amd64 (1.0.8-2ubuntu3.1) ...
#25 143.3 Setting up libopus0:amd64 (1.3.1-0.1build2) ...
#25 143.4 Setting up libquadmath0:amd64 (12.3.0-1ubuntu1~22.04.2) ...
#25 143.4 Setting up libfaad2:amd64 (2.10.0-2) ...
#25 143.4 Setting up intel-media-va-driver:amd64 (22.3.1+dfsg1-1ubuntu2) ...
#25 143.5 Setting up libpng16-16:amd64 (1.6.37-3ubuntu0.4) ...
#25 143.5 Setting up libmpc3:amd64 (1.2.1-2build1) ...
#25 143.5 Setting up systemd-timesyncd (249.11-0ubuntu3.17) ...
#25 144.3 Created symlink /etc/systemd/system/dbus-org.freedesktop.timesync1.service → /lib/systemd/system/systemd-timesyncd.service.
#25 144.3 Created symlink /etc/systemd/system/sysinit.target.wants/systemd-timesyncd.service → /lib/systemd/system/systemd-timesyncd.service.
#25 144.3 Setting up libatomic1:amd64 (12.3.0-1ubuntu1~22.04.2) ...
#25 144.4 Setting up libvorbis0a:amd64 (1.3.7-1build2) ...
#25 144.4 Setting up libidn12:amd64 (1.38-4ubuntu1) ...
#25 144.5 Setting up patch (2.7.6-7build2) ...
#25 144.5 Setting up liborc-0.4-0:amd64 (1:0.4.32-2ubuntu0.1) ...
#25 144.5 Setting up fonts-dejavu-core (2.37-2build1) ...
#25 144.8 Setting up ucf (3.0043) ...
#25 145.0 Setting up libsensors5:amd64 (1:3.6.0-7ubuntu1) ...
#25 145.1 Setting up libaacs0:amd64 (0.11.1-1) ...
#25 145.1 Setting up libjpeg-turbo8:amd64 (2.1.2-0ubuntu1) ...
#25 145.1 Setting up pocketsphinx-en-us (0.8.0+real5prealpha+1-14ubuntu1) ...
#25 145.2 Setting up libltdl7:amd64 (2.4.6-15build2) ...
#25 145.2 Setting up libfftw3-double3:amd64 (3.3.8-2ubuntu8) ...
#25 145.3 Setting up libglapi-mesa:amd64 (23.2.1-1ubuntu3.1~22.04.3) ...
#25 145.3 Setting up libsasl2-2:amd64 (2.1.27+dfsg2-3ubuntu1.2) ...
#25 145.3 Setting up libssh-4:amd64 (0.9.6-2ubuntu0.22.04.5) ...
#25 145.4 Setting up libgfortran5:amd64 (12.3.0-1ubuntu1~22.04.2) ...
#25 145.4 Setting up libltc11:amd64 (1.3.1-1) ...
#25 145.6 Setting up libsoup2.4-common (2.74.2-3ubuntu0.6) ...
#25 145.6 Setting up libwebp7:amd64 (1.2.2-2ubuntu0.22.04.2) ...
#25 145.6 Setting up libutempter0:amd64 (1.2.1-2build2) ...
#25 145.7 Setting up libubsan1:amd64 (12.3.0-1ubuntu1~22.04.2) ...
#25 145.7 Setting up libbdplus0:amd64 (0.2.0-1) ...
#25 145.8 Setting up libnuma1:amd64 (2.0.14-3ubuntu2) ...
#25 145.8 Setting up libvidstab1.1:amd64 (1.1.0-2) ...
#25 145.8 Setting up libmd0:amd64 (1.0.4-1build1) ...
#25 145.9 Setting up alsa-topology-conf (1.2.5.1-2) ...
#25 145.9 Setting up liblqr-1-0:amd64 (0.4.2-2.1) ...
#25 145.9 Setting up dmsetup (2:1.02.175-2.1ubuntu5) ...
#25 146.0 Setting up libnsl-dev:amd64 (1.3.0-2build2) ...
#25 146.0 Setting up libdv4:amd64 (1.0.0-14build1) ...
#25 146.1 Setting up ocl-icd-libopencl1:amd64 (2.2.14-3) ...
#25 146.1 Setting up libasyncns0:amd64 (0.8-6build2) ...
#25 146.1 Setting up libwildmidi2:amd64 (0.4.3-1) ...
#25 146.2 Setting up libxshmfence1:amd64 (1.3-1build4) ...
#25 146.2 Setting up libopenh264-6:amd64 (2.2.0+dfsg-2) ...
#25 146.2 Setting up libcrypt-dev:amd64 (1:4.4.27-1) ...
#25 146.3 Setting up libwavpack1:amd64 (5.4.0-1build2) ...
#25 146.3 Setting up libbs2b0:amd64 (3.1.0+dfsg-2.2build1) ...
#25 146.4 Setting up libzxingcore1:amd64 (1.2.0-1) ...
#25 146.4 Setting up libasound2:amd64 (1.2.6.1-1ubuntu1.1) ...
#25 146.5 Setting up libmpdec3:amd64 (2.5.1-2build2) ...
#25 146.5 Setting up libopencore-amrnb0:amd64 (0.1.5-1) ...
#25 146.5 Setting up libpam-systemd:amd64 (249.11-0ubuntu3.17) ...
#25 146.9 Setting up libdca0:amd64 (0.0.7-2) ...
#25 146.9 Setting up libzimg2:amd64 (3.0.3+ds1-1) ...
#25 146.9 Setting up libopenjp2-7:amd64 (2.4.0-6ubuntu0.4) ...
#25 147.0 Setting up libopenal-data (1:1.19.1-2build3) ...
#25 147.0 Setting up libthai-data (0.1.29-1build1) ...
#25 147.1 Setting up libgirepository-1.0-1:amd64 (1.72.0-1) ...
#25 147.1 Setting up netbase (6.3) ...
#25 147.2 Setting up libjson-glib-1.0-common (1.6.6-1build1) ...
#25 147.3 Setting up libvpx7:amd64 (1.11.0-2ubuntu2.4) ...
#25 147.4 Setting up fonts-droid-fallback (1:6.0.1r16-1.1build1) ...
#25 147.5 Setting up libwayland-egl1:amd64 (1.20.0-1ubuntu0.1) ...
#25 147.6 Setting up libusb-1.0-0:amd64 (2:1.0.25-1ubuntu2) ...
#25 147.6 Setting up libdjvulibre-text (3.5.28-2ubuntu0.22.04.1) ...
#25 147.7 Setting up libjs-jquery (3.6.0+dfsg+~3.5.13-1) ...
#25 147.8 Setting up glib-networking-common (2.72.0-1) ...
#25 147.8 Setting up libbinutils:amd64 (2.38-4ubuntu2.12) ...
#25 147.8 Setting up libdav1d5:amd64 (0.9.2-1) ...
#25 147.9 Setting up libmfx1:amd64 (22.3.0-1) ...
#25 147.9 Setting up libisl23:amd64 (0.24-2build1) ...
#25 148.0 Setting up libde265-0:amd64 (1.0.8-1ubuntu0.3) ...
#25 148.0 Setting up libc-dev-bin (2.35-0ubuntu3.13) ...
#25 148.1 Setting up libsamplerate0:amd64 (0.2.2-1build1) ...
#25 148.1 Setting up timgm6mb-soundfont (1.3-5) ...
#25 148.2 update-alternatives: using /usr/share/sounds/sf2/TimGM6mb.sf2 to provide /usr/share/sounds/sf2/default-GM.sf2 (default-GM.sf2) in auto mode
#25 148.2 update-alternatives: using /usr/share/sounds/sf2/TimGM6mb.sf2 to provide /usr/share/sounds/sf3/default-GM.sf3 (default-GM.sf3) in auto mode
#25 148.2 Setting up openssl (3.0.2-0ubuntu1.21) ...
#25 148.3 Setting up libwebpmux3:amd64 (1.2.2-2ubuntu0.22.04.2) ...
#25 148.3 Setting up libbsd0:amd64 (0.11.5-1) ...
#25 148.3 Setting up libdrm-common (2.4.113-2~ubuntu0.22.04.1) ...
#25 148.4 Setting up libelf1:amd64 (0.186-1ubuntu0.1) ...
#25 148.4 Setting up libpam-cap:amd64 (1:2.44-1ubuntu0.22.04.2) ...
#25 148.8 Setting up readline-common (8.1.2-1) ...
#25 148.9 Setting up publicsuffix (20211207.1025-1) ...
#25 148.9 Setting up libcc1-0:amd64 (12.3.0-1ubuntu1~22.04.2) ...
#25 148.9 Setting up libmjpegutils-2.1-0:amd64 (1:2.1.0+debian-6build1) ...
#25 149.0 Setting up iso-codes (4.9.0-1) ...
#25 149.0 Setting up liblocale-gettext-perl (1.07-4build3) ...
#25 149.1 Setting up libgudev-1.0-0:amd64 (1:237-2build1) ...
#25 149.1 Setting up xbitmaps (1.1.1-2.1ubuntu1) ...
#25 149.2 Setting up libzvbi-common (0.2.35-19) ...
#25 149.2 Setting up liblsan0:amd64 (12.3.0-1ubuntu1~22.04.2) ...
#25 149.3 Setting up libmp3lame0:amd64 (3.100-3build2) ...
#25 149.3 Setting up libgraphene-1.0-0:amd64 (1.10.8-1) ...
#25 149.4 Setting up libitm1:amd64 (12.3.0-1ubuntu1~22.04.2) ...
#25 149.4 Setting up libvorbisenc2:amd64 (1.3.7-1build2) ...
#25 149.4 Setting up libdvdnav4:amd64 (6.1.1-1) ...
#25 149.5 Setting up libgdbm6:amd64 (1.23-1) ...
#25 149.5 Setting up libjs-underscore (1.13.2~dfsg-2) ...
#25 149.6 Setting up libicu70:amd64 (70.1-2) ...
#25 149.6 Setting up libiec61883-0:amd64 (1.2.0-4build3) ...
#25 149.6 Setting up libserd-0-0:amd64 (0.30.10-2) ...
#25 149.7 Setting up libtsan0:amd64 (11.4.0-1ubuntu1~22.04.3) ...
#25 149.7 Setting up libxkbcommon0:amd64 (1.4.0-1) ...
#25 149.8 Setting up libwayland-client0:amd64 (1.20.0-1ubuntu0.1) ...
#25 149.8 Setting up libctf0:amd64 (2.38-4ubuntu2.12) ...
#25 149.9 Setting up libjpeg8:amd64 (8c-2ubuntu10) ...
#25 149.9 Setting up pinentry-curses (1.1.1-1build2) ...
#25 150.1 Setting up libgs9-common (9.55.0~dfsg1-0ubuntu5.13) ...
#25 150.1 Setting up libavc1394-0:amd64 (0.5.4-5build2) ...
#25 150.1 Setting up cpp-11 (11.4.0-1ubuntu1~22.04.3) ...
#25 150.2 Setting up glib-networking-services (2.72.0-1) ...
#25 150.2 Setting up libzvbi0:amd64 (0.2.35-19) ...
#25 150.3 Setting up libpaper1:amd64 (1.1.28build2) ...
#25 150.6 
#25 150.6 Creating config file /etc/papersize with new version
#25 150.7 Setting up manpages-dev (5.10-1ubuntu1) ...
#25 150.8 Setting up libice6:amd64 (2:1.0.10-1build2) ...
#25 150.8 Setting up session-migration (0.3.6) ...
#25 151.1 Created symlink /etc/systemd/user/graphical-session-pre.target.wants/session-migration.service → /usr/lib/systemd/user/session-migration.service.
#25 151.1 Setting up libdw1:amd64 (0.186-1ubuntu0.1) ...
#25 151.2 Setting up libxdmcp6:amd64 (1:1.1.3-0ubuntu5) ...
#25 151.2 Setting up liblapack3:amd64 (3.10.0-2ubuntu1) ...
#25 151.2 update-alternatives: using /usr/lib/x86_64-linux-gnu/lapack/liblapack.so.3 to provide /usr/lib/x86_64-linux-gnu/liblapack.so.3 (liblapack.so.3-x86_64-linux-gnu) in auto mode
#25 151.3 Setting up libxcb1:amd64 (1.14-3ubuntu3) ...
#25 151.3 Setting up libtag1v5-vanilla:amd64 (1.11.1+dfsg.1-3ubuntu3) ...
#25 151.3 Setting up libopenni2-0:amd64 (2.2.0.33+dfsg-15) ...
#25 151.4 Setting up libxcb-xfixes0:amd64 (1.14-3ubuntu3) ...
#25 151.4 Setting up libzmq5:amd64 (4.3.4-2) ...
#25 151.5 Setting up libjxr-tools (1.2~git20170615.f752187-5) ...
#25 151.5 Setting up libcaca0:amd64 (0.99.beta19-2.2ubuntu4.1) ...
#25 151.5 Setting up alsa-ucm-conf (1.2.6.3-1ubuntu1.12) ...
#25 151.6 Setting up libxcb-render0:amd64 (1.14-3ubuntu3) ...
#25 151.6 Setting up libsoxr0:amd64 (0.1.3-4build2) ...
#25 151.6 Setting up fontconfig-config (2.13.1-4.2ubuntu5) ...
#25 152.2 Setting up libxcb-glx0:amd64 (1.14-3ubuntu3) ...
#25 152.3 Setting up libwebpdemux2:amd64 (1.2.2-2ubuntu0.22.04.2) ...
#25 152.3 Setting up libedit2:amd64 (3.1-20210910-1build1) ...
#25 152.3 Setting up libreadline8:amd64 (8.1.2-1) ...
#25 152.4 Setting up libxcb-shape0:amd64 (1.14-3ubuntu3) ...
#25 152.4 Setting up libdjvulibre21:amd64 (3.5.28-2ubuntu0.22.04.1) ...
#25 152.4 Setting up libavahi-common3:amd64 (0.8-5ubuntu5.4) ...
#25 152.5 Setting up libnss3:amd64 (2:3.98-0ubuntu0.22.04.2) ...
#25 152.5 Setting up libxcb-shm0:amd64 (1.14-3ubuntu3) ...
#25 152.6 Setting up libpaper-utils (1.1.28build2) ...
#25 152.6 Setting up libldap-2.5-0:amd64 (2.5.20+dfsg-0ubuntu0.22.04.1) ...
#25 152.6 Setting up libjson-glib-1.0-0:amd64 (1.6.6-1build1) ...
#25 152.7 Setting up libxcb-present0:amd64 (1.14-3ubuntu3) ...
#25 152.7 Setting up libpython3.10-stdlib:amd64 (3.10.12-1~22.04.14) ...
#25 152.8 Setting up libthai0:amd64 (0.1.29-1build1) ...
#25 152.8 Setting up ca-certificates (20240203~22.04.1) ...
#25 154.3 Updating certificates in /etc/ssl/certs...
#25 156.5 146 added, 0 removed; done.
#25 156.5 Setting up libvorbisfile3:amd64 (1.3.7-1build2) ...
#25 156.6 Setting up dbus-user-session (1.12.20-2ubuntu4.1) ...
#25 156.6 Setting up libfreetype6:amd64 (2.11.1+dfsg-1ubuntu0.3) ...
#25 156.7 Setting up libxcb-sync1:amd64 (1.14-3ubuntu3) ...
#25 156.7 Setting up libdc1394-25:amd64 (2.2.6-4) ...
#25 156.7 Setting up libgdbm-compat4:amd64 (1.23-1) ...
#25 156.8 Setting up libmpeg2encpp-2.1-0:amd64 (1:2.1.0+debian-6build1) ...
#25 156.8 Setting up gir1.2-glib-2.0:amd64 (1.72.0-1) ...
#25 156.8 Setting up libjs-sphinxdoc (4.3.2-1) ...
#25 156.9 Setting up libx265-199:amd64 (3.5-2) ...
#25 156.9 Setting up librubberband2:amd64 (2.0.0-2) ...
#25 157.0 Setting up libsndio7.0:amd64 (1.8.1-1.1) ...
#25 157.0 Setting up libxcb-dri2-0:amd64 (1.14-3ubuntu3) ...
#25 157.1 Setting up libjack-jackd2-0:amd64 (1.9.20~dfsg-1) ...
#25 157.1 Setting up libgcc-11-dev:amd64 (11.4.0-1ubuntu1~22.04.3) ...
#25 157.1 Setting up libdrm2:amd64 (2.4.113-2~ubuntu0.22.04.1) ...
#25 157.2 Setting up libtag1v5:amd64 (1.11.1+dfsg.1-3ubuntu3) ...
#25 157.2 Setting up libflite1:amd64 (2.2-3) ...
#25 157.2 Setting up libva-drm2:amd64 (2.14.0-1) ...
#25 157.3 Setting up libsord-0-0:amd64 (0.16.8-2) ...
#25 157.3 Setting up libwayland-cursor0:amd64 (1.20.0-1ubuntu0.1) ...
#25 157.4 Setting up libxcb-randr0:amd64 (1.14-3ubuntu3) ...
#25 157.4 Setting up cpp (4:11.2.0-1ubuntu1) ...
#25 157.5 Setting up libsratom-0-0:amd64 (0.6.8-1) ...
#25 157.5 Setting up libv4lconvert0:amd64 (1.22.1-2build1) ...
#25 157.6 Setting up gpgconf (2.2.27-3ubuntu2.5) ...
#25 157.6 Setting up libdecor-0-0:amd64 (0.1.0-3build1) ...
#25 157.7 Setting up libc6-dev:amd64 (2.35-0ubuntu3.13) ...
#25 157.7 Setting up libx11-6:amd64 (2:1.7.5-1ubuntu0.3) ...
#25 157.8 Setting up libharfbuzz0b:amd64 (2.7.4-1ubuntu3.2) ...
#25 157.9 Setting up libmplex2-2.1-0:amd64 (1:2.1.0+debian-6build1) ...
#25 157.9 Setting up libtiff5:amd64 (4.3.0-6ubuntu0.12) ...
#25 158.0 Setting up libfontconfig1:amd64 (2.13.1-4.2ubuntu5) ...
#25 158.0 Setting up libsndfile1:amd64 (1.0.31-2ubuntu0.2) ...
#25 158.0 Setting up libxkbfile1:amd64 (1:1.1.0-1build3) ...
#25 158.1 Setting up libxcomposite1:amd64 (1:0.4.5-1build2) ...
#25 158.1 Setting up libsm6:amd64 (2:1.2.3-1build2) ...
#25 158.2 Setting up liblilv-0-0:amd64 (0.24.12-2) ...
#25 158.2 Setting up libxfont2:amd64 (1:2.0.5-1build1) ...
#25 158.2 Setting up libxml2:amd64 (2.9.13+dfsg-1ubuntu0.11) ...
#25 158.3 Setting up libopenmpt0:amd64 (0.6.1-1) ...
#25 158.3 Setting up libinstpatch-1.0-2:amd64 (1.1.6-1) ...
#25 158.3 Setting up libavahi-client3:amd64 (0.8-5ubuntu5.4) ...
#25 158.4 Setting up libxmuu1:amd64 (2:1.1.3-3) ...
#25 158.4 Setting up gpg (2.2.27-3ubuntu2.5) ...
#25 158.5 Setting up libgstreamer1.0-0:amd64 (1.20.3-0ubuntu1.1) ...
#25 158.5 Setcap worked! gst-ptp-helper is not suid!
#25 158.5 Setting up libpython3-stdlib:amd64 (3.10.6-1~22.04.1) ...
#25 158.6 Setting up libaa1:amd64 (1.4p5-50build1) ...
#25 158.6 Setting up gnupg-utils (2.2.27-3ubuntu2.5) ...
#25 158.6 Setting up binutils-x86-64-linux-gnu (2.38-4ubuntu2.12) ...
#25 158.7 Setting up libdrm-amdgpu1:amd64 (2.4.113-2~ubuntu0.22.04.1) ...
#25 158.7 Setting up libxcb-dri3-0:amd64 (1.14-3ubuntu3) ...
#25 158.8 Setting up libx11-xcb1:amd64 (2:1.7.5-1ubuntu0.3) ...
#25 158.8 Setting up gir1.2-gstreamer-1.0:amd64 (1.20.3-0ubuntu1.1) ...
#25 158.9 Setting up libpython3.10:amd64 (3.10.12-1~22.04.14) ...
#25 158.9 Setting up fontconfig (2.13.1-4.2ubuntu5) ...
#25 158.9 Regenerating fonts cache... done.
#25 163.1 Setting up libperl5.34:amd64 (5.34.0-3ubuntu1.5) ...
#25 163.2 Setting up libdrm-nouveau2:amd64 (2.4.113-2~ubuntu0.22.04.1) ...
#25 163.2 Setting up libxdamage1:amd64 (1:1.1.5-2build2) ...
#25 163.2 Setting up gpg-agent (2.2.27-3ubuntu2.5) ...
#25 163.6 Created symlink /etc/systemd/user/sockets.target.wants/gpg-agent-browser.socket → /usr/lib/systemd/user/gpg-agent-browser.socket.
#25 163.8 Created symlink /etc/systemd/user/sockets.target.wants/gpg-agent-extra.socket → /usr/lib/systemd/user/gpg-agent-extra.socket.
#25 163.9 Created symlink /etc/systemd/user/sockets.target.wants/gpg-agent-ssh.socket → /usr/lib/systemd/user/gpg-agent-ssh.socket.
#25 164.2 Created symlink /etc/systemd/user/sockets.target.wants/gpg-agent.socket → /usr/lib/systemd/user/gpg-agent.socket.
#25 164.2 Setting up python3.10 (3.10.12-1~22.04.14) ...
#25 165.8 Setting up libxpm4:amd64 (1:3.5.12-1ubuntu0.22.04.2) ...
#25 165.9 Setting up libxrender1:amd64 (1:0.9.10-1build4) ...
#25 165.9 Setting up libgbm1:amd64 (23.2.1-1ubuntu3.1~22.04.3) ...
#25 165.9 Setting up libpulse0:amd64 (1:15.99.1+dfsg1-1ubuntu2.2) ...
#25 166.0 Setting up libdrm-radeon1:amd64 (2.4.113-2~ubuntu0.22.04.1) ...
#25 166.1 Setting up gpgsm (2.2.27-3ubuntu2.5) ...
#25 166.1 Setting up libpango-1.0-0:amd64 (1.50.6+ds-2ubuntu1) ...
#25 166.2 Setting up libsrtp2-1:amd64 (2.4.2-2) ...
#25 166.2 Setting up libdrm-intel1:amd64 (2.4.113-2~ubuntu0.22.04.1) ...
#25 166.2 Setting up libheif1:amd64 (1.12.0-2build1) ...
#25 166.3 Setting up libxext6:amd64 (2:1.3.4-1build1) ...
#25 166.3 Setting up libgstreamer-plugins-base1.0-0:amd64 (1.20.1-1ubuntu0.5) ...
#25 166.4 Setting up libcurl3-gnutls:amd64 (7.81.0-1ubuntu1.21) ...
#25 166.4 Setting up dconf-service (0.40.0-3ubuntu0.1) ...
#25 166.4 Setting up python3 (3.10.6-1~22.04.1) ...
#25 166.8 Setting up libopenal1:amd64 (1:1.19.1-2build3) ...
#25 166.8 Setting up binutils (2.38-4ubuntu2.12) ...
#25 166.8 Setting up xfonts-utils (1:7.7+6build2) ...
#25 167.1 Setting up libcairo2:amd64 (1.16.0-5ubuntu2) ...
#25 167.1 Setting up libspandsp2:amd64 (0.0.6+dfsg-2) ...
#25 167.1 Setting up libxxf86vm1:amd64 (1:1.1.4-1build3) ...
#25 167.2 Setting up libv4l-0:amd64 (1.22.1-2build1) ...
#25 167.2 Setting up dirmngr (2.2.27-3ubuntu2.5) ...
#25 167.5 Created symlink /etc/systemd/user/sockets.target.wants/dirmngr.socket → /usr/lib/systemd/user/dirmngr.socket.
#25 167.5 Setting up libgstreamer-plugins-bad1.0-0:amd64 (1.20.3-0ubuntu1.1) ...
#25 167.6 Setting up libmagickcore-6.q16-6:amd64 (8:6.9.11.60+dfsg-1.3ubuntu0.22.04.5) ...
#25 167.6 Setting up perl (5.34.0-3ubuntu1.5) ...
#25 167.7 Setting up xfonts-base (1:1.0.5) ...
#25 167.9 Setting up libgstreamer-plugins-good1.0-0:amd64 (1.20.3-0ubuntu1.4) ...
#25 167.9 Setting up libegl-mesa0:amd64 (23.2.1-1ubuntu3.1~22.04.3) ...
#25 168.0 Setting up libexpat1-dev:amd64 (2.4.7-1ubuntu0.7) ...
#25 168.0 Setting up libass9:amd64 (1:0.15.2-1) ...
#25 168.0 Setting up libxfixes3:amd64 (1:6.0.0-1) ...
#25 168.1 Setting up python3-gi (3.42.1-0ubuntu1) ...
#25 168.6 Setting up shared-mime-info (2.1-2) ...
#25 174.8 Setting up libxinerama1:amd64 (2:1.1.4-3) ...
#25 174.9 Setting up libgd3:amd64 (2.3.0-2ubuntu2.3) ...
#25 174.9 Setting up libxv1:amd64 (2:1.0.11-1build2) ...
#25 175.0 Setting up libxrandr2:amd64 (2:1.5.2-1build1) ...
#25 175.0 Setting up gstreamer1.0-tools (1.20.3-0ubuntu1.1) ...
#25 175.0 Setting up libxt6:amd64 (1:1.2.1-1) ...
#25 175.1 Setting up libdpkg-perl (1.21.1ubuntu2.6) ...
#25 175.1 Setting up libstdc++-11-dev:amd64 (11.4.0-1ubuntu1~22.04.3) ...
#25 175.1 Setting up gpg-wks-server (2.2.27-3ubuntu2.5) ...
#25 175.2 Setting up libcups2:amd64 (2.4.1op1-1ubuntu4.16) ...
#25 175.2 Setting up zlib1g-dev:amd64 (1:1.2.11.dfsg-2ubuntu9.2) ...
#25 175.2 Setting up gcc-11 (11.4.0-1ubuntu1~22.04.3) ...
#25 175.2 Setting up xauth (1:1.1-1build2) ...
#25 175.3 Setting up libvdpau1:amd64 (1.4-3build2) ...
#25 175.3 Setting up libllvm15:amd64 (1:15.0.7-0ubuntu0.22.04.3) ...
#25 175.4 Setting up libtheora0:amd64 (1.1.1+dfsg.1-15ubuntu4) ...
#25 175.4 Setting up libegl1:amd64 (1.4.0-1) ...
#25 175.5 Setting up libmagickwand-6.q16-6:amd64 (8:6.9.11.60+dfsg-1.3ubuntu0.22.04.5) ...
#25 175.6 Setting up gstreamer1.0-plugins-ugly:amd64 (1.20.1-1) ...
#25 175.6 Setting up libgdk-pixbuf-2.0-0:amd64 (2.42.8+dfsg-1ubuntu0.4) ...
#25 175.8 Setting up libcairo-gobject2:amd64 (1.16.0-5ubuntu2) ...
#25 175.8 Setting up libxss1:amd64 (1:1.2.3-1build2) ...
#25 175.8 Setting up mesa-va-drivers:amd64 (23.2.1-1ubuntu3.1~22.04.3) ...
#25 175.9 Setting up libpangoft2-1.0-0:amd64 (1.50.6+ds-2ubuntu1) ...
#25 175.9 Setting up libbluray2:amd64 (1:1.3.1-1) ...
#25 175.9 Setting up libva-x11-2:amd64 (2.14.0-1) ...
#25 176.0 Setting up python3-lib2to3 (3.10.8-1~22.04) ...
#25 176.2 Setting up i965-va-driver:amd64 (2.4.1+dfsg1-1) ...
#25 176.2 Setting up libpangocairo-1.0-0:amd64 (1.50.6+ds-2ubuntu1) ...
#25 176.3 Setting up libc-devtools (2.35-0ubuntu3.13) ...
#25 176.3 Setting up python3-pkg-resources (59.6.0-1.2ubuntu0.22.04.3) ...
#25 176.8 Setting up python3-distutils (3.10.8-1~22.04) ...
#25 177.1 Setting up libgl1-amber-dri:amd64 (21.3.9-0ubuntu1~22.04.1) ...
#25 177.1 Setting up mesa-vdpau-drivers:amd64 (23.2.1-1ubuntu3.1~22.04.3) ...
#25 177.1 Setting up python3-dbus (1.2.18-3build1) ...
#25 177.5 Setting up libxft2:amd64 (2.3.4-1) ...
#25 177.5 Setting up libxmu6:amd64 (2:1.1.3-3) ...
#25 177.6 Setting up gstreamer1.0-x:amd64 (1.20.1-1ubuntu0.5) ...
#25 177.6 Setting up python3-setuptools (59.6.0-1.2ubuntu0.22.04.3) ...
#25 178.3 Setting up libgs9:amd64 (9.55.0~dfsg1-0ubuntu5.13) ...
#25 178.3 Setting up libxi6:amd64 (2:1.8-1build1) ...
#25 178.4 Setting up gpg-wks-client (2.2.27-3ubuntu2.5) ...
#25 178.4 Setting up dconf-gsettings-backend:amd64 (0.40.0-3ubuntu0.1) ...
#25 178.4 Setting up libmagickcore-6.q16-6-extra:amd64 (8:6.9.11.60+dfsg-1.3ubuntu0.22.04.5) ...
#25 178.5 Setting up libsphinxbase3:amd64 (0.8+5prealpha+1-13build1) ...
#25 178.5 Setting up g++-11 (11.4.0-1ubuntu1~22.04.3) ...
#25 178.6 Setting up libfile-fcntllock-perl (0.22-3build7) ...
#25 178.6 Setting up libzbar0:amd64 (0.23.92-4build2) ...
#25 178.6 Setting up libalgorithm-diff-perl (1.201-1) ...
#25 178.7 Setting up libxtst6:amd64 (2:1.2.3-1build4) ...
#25 178.7 Setting up libxcursor1:amd64 (1:1.2.0-2build4) ...
#25 178.8 Setting up libgl1-mesa-dri:amd64 (23.2.1-1ubuntu3.1~22.04.3) ...
#25 178.8 Setting up libxxf86dga1:amd64 (2:1.1.5-0ubuntu3) ...
#25 178.9 Setting up libxaw7:amd64 (2:1.0.14-1) ...
#25 178.9 Setting up ghostscript (9.55.0~dfsg1-0ubuntu5.13) ...
#25 179.0 Setting up x11-xserver-utils (7.7+9build1) ...
#25 179.1 Setting up python3-wheel (0.37.1-2ubuntu0.22.04.1) ...
#25 179.4 Setting up libavutil56:amd64 (7:4.4.2-0ubuntu0.22.04.1) ...
#25 179.4 Setting up gcc (4:11.2.0-1ubuntu1) ...
#25 179.5 Setting up dpkg-dev (1.21.1ubuntu2.6) ...
#25 179.6 Setting up librsvg2-2:amd64 (2.52.5+dfsg-3ubuntu0.2) ...
#25 179.6 Setting up libpocketsphinx3:amd64 (0.8.0+real5prealpha+1-14ubuntu1) ...
#25 179.7 Setting up gstreamer1.0-plugins-base:amd64 (1.20.1-1ubuntu0.5) ...
#25 179.7 Setting up va-driver-all:amd64 (2.14.0-1) ...
#25 179.7 Setting up libshout3:amd64 (2.4.5-1build3) ...
#25 179.8 Setting up libdecor-0-plugin-1-cairo:amd64 (0.1.0-3build1) ...
#25 179.8 Setting up libpostproc55:amd64 (7:4.4.2-0ubuntu0.22.04.1) ...
#25 179.9 Setting up libpython3.10-dev:amd64 (3.10.12-1~22.04.14) ...
#25 179.9 Setting up python3-pip (22.0.2+dfsg-1ubuntu0.7) ...
#25 181.8 Setting up librsvg2-common:amd64 (2.52.5+dfsg-3ubuntu0.2) ...
#25 181.9 Setting up python3.10-dev (3.10.12-1~22.04.14) ...
#25 181.9 Setting up vdpau-driver-all:amd64 (1.4-3build2) ...
#25 181.9 Setting up g++ (4:11.2.0-1ubuntu1) ...
#25 182.0 update-alternatives: using /usr/bin/g++ to provide /usr/bin/c++ (c++) in auto mode
#25 182.0 update-alternatives: warning: skip creation of /usr/share/man/man1/c++.1.gz because associated file /usr/share/man/man1/g++.1.gz (of link group c++) doesn't exist
#25 182.1 Setting up libgdk-pixbuf2.0-bin (2.42.8+dfsg-1ubuntu0.4) ...
#25 182.1 Setting up gnupg (2.2.27-3ubuntu2.5) ...
#25 182.1 Setting up build-essential (12.9ubuntu3) ...
#25 182.2 Setting up libswscale5:amd64 (7:4.4.2-0ubuntu0.22.04.1) ...
#25 182.2 Setting up xterm (372-1ubuntu1) ...
#25 182.3 update-alternatives: using /usr/bin/xterm to provide /usr/bin/x-terminal-emulator (x-terminal-emulator) in auto mode
#25 182.3 update-alternatives: warning: skip creation of /usr/share/man/man1/x-terminal-emulator.1.gz because associated file /usr/share/man/man1/xterm.1.gz (of link group x-terminal-emulator) doesn't exist
#25 182.4 update-alternatives: using /usr/bin/lxterm to provide /usr/bin/x-terminal-emulator (x-terminal-emulator) in auto mode
#25 182.4 update-alternatives: warning: skip creation of /usr/share/man/man1/x-terminal-emulator.1.gz because associated file /usr/share/man/man1/lxterm.1.gz (of link group x-terminal-emulator) doesn't exist
#25 182.4 Setting up libsdl2-2.0-0:amd64 (2.0.20+dfsg-2ubuntu1.22.04.1) ...
#25 182.4 Setting up libalgorithm-diff-xs-perl (0.04-6build3) ...
#25 182.5 Setting up libfluidsynth3:amd64 (2.2.5-1) ...
#25 182.5 Setting up libalgorithm-merge-perl (0.08-3) ...
#25 182.6 Setting up networkd-dispatcher (2.1-2ubuntu0.22.04.2) ...
#25 182.9 Created symlink /etc/systemd/system/multi-user.target.wants/networkd-dispatcher.service → /lib/systemd/system/networkd-dispatcher.service.
#25 182.9 Setting up gsettings-desktop-schemas (42.0-1ubuntu1) ...
#25 182.9 Setting up libglx-mesa0:amd64 (23.2.1-1ubuntu3.1~22.04.3) ...
#25 182.9 Setting up libpython3-dev:amd64 (3.10.6-1~22.04.1) ...
#25 183.0 Setting up libglx0:amd64 (1.4.0-1) ...
#25 183.0 Setting up x11-xkb-utils (7.7+5build4) ...
#25 183.1 Setting up libswresample3:amd64 (7:4.4.2-0ubuntu0.22.04.1) ...
#25 183.1 Setting up libgl1:amd64 (1.4.0-1) ...
#25 183.1 Setting up mesa-utils-bin:amd64 (8.4.0-1ubuntu1) ...
#25 183.2 Setting up python3-dev (3.10.6-1~22.04.1) ...
#25 183.2 Setting up x11-utils (7.7+5build2) ...
#25 183.4 Setting up libavcodec58:amd64 (7:4.4.2-0ubuntu0.22.04.1) ...
#25 183.5 Setting up xserver-common (2:21.1.4-2ubuntu1.7~22.04.16) ...
#25 183.5 Setting up glib-networking:amd64 (2.72.0-1) ...
#25 183.6 Setting up libchromaprint1:amd64 (1.5.1-2) ...
#25 183.6 Setting up libsoup2.4-1:amd64 (2.74.2-3ubuntu0.6) ...
#25 183.7 Setting up libavformat58:amd64 (7:4.4.2-0ubuntu0.22.04.1) ...
#25 183.7 Setting up gstreamer1.0-plugins-good:amd64 (1.20.3-0ubuntu1.4) ...
#25 183.7 Setting up xvfb (2:21.1.4-2ubuntu1.7~22.04.16) ...
#25 183.8 Setting up libgstreamer-gl1.0-0:amd64 (1.20.1-1ubuntu0.5) ...
#25 183.8 Setting up mesa-utils (8.4.0-1ubuntu1) ...
#25 183.8 Setting up libavfilter7:amd64 (7:4.4.2-0ubuntu0.22.04.1) ...
#25 183.9 Setting up gstreamer1.0-libav:amd64 (1.20.3-0ubuntu1) ...
#25 183.9 Setting up libgssdp-1.2-0:amd64 (1.4.0.1-2build1) ...
#25 184.0 Setting up libgupnp-1.2-1:amd64 (1.4.3-1) ...
#25 184.0 Setting up gstreamer1.0-gl:amd64 (1.20.1-1ubuntu0.5) ...
#25 184.0 Setting up gir1.2-gst-plugins-base-1.0:amd64 (1.20.1-1ubuntu0.5) ...
#25 184.1 Setting up libgupnp-igd-1.0-4:amd64 (1.2.0-1build1) ...
#25 184.1 Setting up libnice10:amd64 (0.1.18-2) ...
#25 184.1 Setting up gstreamer1.0-plugins-bad:amd64 (1.20.3-0ubuntu1.1) ...
#25 184.2 Setting up gir1.2-gst-plugins-bad-1.0:amd64 (1.20.3-0ubuntu1.1) ...
#25 184.2 Processing triggers for libc-bin (2.35-0ubuntu3.13) ...
#25 184.8 Processing triggers for ca-certificates (20240203~22.04.1) ...
#25 184.8 Updating certificates in /etc/ssl/certs...
#25 186.2 0 added, 0 removed; done.
#25 186.2 Running hooks in /etc/ca-certificates/update.d...
#25 186.2 done.
#25 186.3 Processing triggers for libgdk-pixbuf-2.0-0:amd64 (2.42.8+dfsg-1ubuntu0.4) ...
#25 DONE 186.9s

#28 [game 3/7] WORKDIR /app
#28 DONE 0.5s

#29 [game 4/7] COPY requirements.txt .
#29 DONE 0.2s

#30 [game 5/7] RUN pip3 install --no-cache-dir -r requirements.txt
#30 1.786 Collecting websockets==12.0
#30 1.951   Downloading websockets-12.0-cp310-cp310-manylinux_2_5_x86_64.manylinux1_x86_64.manylinux_2_17_x86_64.manylinux2014_x86_64.whl (130 kB)
#30 1.994      ━━━━━━━━━━━━━━━━━━━━━━━━━━━━━━━━━━━━━━━ 130.2/130.2 KB 4.1 MB/s eta 0:00:00
#30 2.062 Collecting evdev==1.7.1
#30 2.072   Downloading evdev-1.7.1.tar.gz (30 kB)
#30 2.412   Installing build dependencies: started
#30 6.912   Installing build dependencies: finished with status 'done'
#30 6.925   Getting requirements to build wheel: started
#30 7.150   Getting requirements to build wheel: finished with status 'done'
#30 7.450   Installing backend dependencies: started
#30 10.24   Installing backend dependencies: finished with status 'done'
#30 10.25   Preparing metadata (pyproject.toml): started
#30 10.50   Preparing metadata (pyproject.toml): finished with status 'done'
#30 10.50   WARNING: Generating metadata for package evdev produced metadata for project name unknown. Fix your #egg=evdev fragments.
#30 10.51 Discarding https://files.pythonhosted.org/packages/12/bb/f622a8a5e64d46ca83020a761877c0ead19140903c9aaf1431f3c531fdf6/evdev-1.7.1.tar.gz#sha256=0c72c370bda29d857e188d931019c32651a9c1ea977c08c8d939b1ced1637fde (from https://pypi.org/simple/evdev/) (requires-python:>=3.6): Requested unknown from https://files.pythonhosted.org/packages/12/bb/f622a8a5e64d46ca83020a761877c0ead19140903c9aaf1431f3c531fdf6/evdev-1.7.1.tar.gz#sha256=0c72c370bda29d857e188d931019c32651a9c1ea977c08c8d939b1ced1637fde (from -r requirements.txt (line 2)) has inconsistent name: filename has 'evdev', but metadata has 'unknown'
#30 10.51 ERROR: Could not find a version that satisfies the requirement evdev==1.7.1 (from versions: 0.1.0, 0.1.1, 0.2.0, 0.3.0, 0.3.1, 0.3.2, 0.3.3, 0.4.0, 0.4.1, 0.4.2, 0.4.3, 0.4.4, 0.4.5, 0.4.6, 0.4.7, 0.5.0, 0.6.0, 0.6.1, 0.6.2, 0.6.3, 0.6.4, 0.7.0, 0.8.0, 0.8.1, 1.0.0, 1.1.0, 1.1.2, 1.2.0, 1.3.0, 1.4.0, 1.5.0, 1.6.0, 1.6.1, 1.7.0, 1.7.1, 1.8.0, 1.9.0, 1.9.1, 1.9.2, 1.9.3)
#30 10.51 ERROR: No matching distribution found for evdev==1.7.1
#30 ERROR: process "/bin/sh -c pip3 install --no-cache-dir -r requirements.txt" did not complete successfully: exit code: 1
------
 > [game 5/7] RUN pip3 install --no-cache-dir -r requirements.txt:
6.925   Getting requirements to build wheel: started
7.150   Getting requirements to build wheel: finished with status 'done'
7.450   Installing backend dependencies: started
10.24   Installing backend dependencies: finished with status 'done'
10.25   Preparing metadata (pyproject.toml): started
10.50   Preparing metadata (pyproject.toml): finished with status 'done'
10.50   WARNING: Generating metadata for package evdev produced metadata for project name unknown. Fix your #egg=evdev fragments.
10.51 Discarding https://files.pythonhosted.org/packages/12/bb/f622a8a5e64d46ca83020a761877c0ead19140903c9aaf1431f3c531fdf6/evdev-1.7.1.tar.gz#sha256=0c72c370bda29d857e188d931019c32651a9c1ea977c08c8d939b1ced1637fde (from https://pypi.org/simple/evdev/) (requires-python:>=3.6): Requested unknown from https://files.pythonhosted.org/packages/12/bb/f622a8a5e64d46ca83020a761877c0ead19140903c9aaf1431f3c531fdf6/evdev-1.7.1.tar.gz#sha256=0c72c370bda29d857e188d931019c32651a9c1ea977c08c8d939b1ced1637fde (from -r requirements.txt (line 2)) has inconsistent name: filename has 'evdev', but metadata has 'unknown'
10.51 ERROR: Could not find a version that satisfies the requirement evdev==1.7.1 (from versions: 0.1.0, 0.1.1, 0.2.0, 0.3.0, 0.3.1, 0.3.2, 0.3.3, 0.4.0, 0.4.1, 0.4.2, 0.4.3, 0.4.4, 0.4.5, 0.4.6, 0.4.7, 0.5.0, 0.6.0, 0.6.1, 0.6.2, 0.6.3, 0.6.4, 0.7.0, 0.8.0, 0.8.1, 1.0.0, 1.1.0, 1.1.2, 1.2.0, 1.3.0, 1.4.0, 1.5.0, 1.6.0, 1.6.1, 1.7.0, 1.7.1, 1.8.0, 1.9.0, 1.9.1, 1.9.2, 1.9.3)
10.51 ERROR: No matching distribution found for evdev==1.7.1
------
Dockerfile:21

--------------------

  19 |     WORKDIR /app

  20 |     COPY requirements.txt .

  21 | >>> RUN pip3 install --no-cache-dir -r requirements.txt

  22 |     

  23 |     COPY webrtc_streamer.py start.sh snake.sh ./

--------------------

target game: failed to solve: process "/bin/sh -c pip3 install --no-cache-dir -r requirements.txt" did not complete successfully: exit code: 1

